<?xml version="1.0" encoding="UTF-8" standalone="yes"?>
<component-def xmlns="http://xmlns.oracle.com/cie/gdr/cpd" name="oracle.wls.shared.with.owasp.sharedlib" version="12.2.1.2.0" description="Oracle WebLogic Server Modules Shared with OWASP Library and WLS Client Libraries" gdr-version="1.8.0.0" groupId="com.oracle.weblogic" xmlns:ns2="http://xmlns.oracle.com/cie/stringsubs">
  <file-map symbol="wls.common.symbol" source="filegroup1.jar" expanded="true" compacted="true" patch="22207080" pom-gen="false">
    <exclude regex="\.ade_path" match-dirs="true"/>
    <file source="modules/com.bea.core.apache.log4j.jar" dest="modules/com.bea.core.apache.log4j.jar" mode="640" action="replacement"/>
    <file-perms>
      <permission mode="750" regex=".*" match-dirs="true"/>
    </file-perms>
  </file-map>
  <libraries/>
</component-def>
