<?xml version="1.0" encoding="UTF-8" standalone="yes"?>
<component-def xmlns="http://xmlns.oracle.com/cie/gdr/cpd" name="oracle.wls.security.core" version="12.2.1.2.0" description="oracle.wls.security.core" gdr-version="1.8.0.0" groupId="com.oracle.weblogic" xmlns:ns2="http://xmlns.oracle.com/cie/stringsubs">
  <file-map symbol="wls.server.symbol" source="filegroup1.jar" expanded="true" compacted="true" patch="21937293">
    <exclude regex="\.ade_path" match-dirs="true"/>
    <file source="modules/com.oracle.weblogic.old-utils-general.jar" dest="modules/com.oracle.weblogic.old-utils-general.jar" mode="640" action="replacement"/>
    <file source="modules/com.bea.core.certj.jar" dest="modules/com.bea.core.certj.jar" mode="640" action="replacement"/>
    <file source="modules/com.oracle.weblogic.old-utils-weblogic.jar" dest="modules/com.oracle.weblogic.old-utils-weblogic.jar" mode="640" action="replacement"/>
    <file source="server/lib/CertGenCAKey.der" dest="server/lib/CertGenCAKey.der" mode="640" action="replacement"/>
    <file source="server/lib/CertGenCA.der" dest="server/lib/CertGenCA.der" mode="640" action="replacement"/>
    <file-perms>
      <permission mode="750" regex=".*" match-dirs="true"/>
    </file-perms>
  </file-map>
  <libraries/>
</component-def>
