<?xml version="1.0" encoding="UTF-8"?>
<!DOCTYPE message_catalog PUBLIC "weblogic-message-catalog-dtd"  "http://www.bea.com/servers/wls810/dtd/msgcat.dtd">
<message_catalog
   i18n_package="weblogic.diagnostics.i18n"
   l10n_package="weblogic.diagnostics.i18n"
   subsystem="Diagnostics"
   version="1.0"
   loggables="false"
   >

   <!--  -->
   <message
      messageid="SMTPDefaultSubject"
      datehash="-1812524786"
      datelastchanged="1106177888681"
      method="getSMTPDefaultSubject(String watchName, String watchSeverity, String watchServerName, String evalTime)"
      >
      <messagebody>
         WLS Watch Notification: Watch &apos;&apos;{0}&apos;&apos; with severity &apos;&apos;{1}&apos;&apos; on server &apos;&apos;{2}&apos;&apos; has triggered at {3}
      </messagebody>
   </message>

   <!--  -->
   <message
      messageid="mismatchOperandTypes"
      datehash="-1270238818"
      datelastchanged="1075744204870"
      method="getMismatchOperandTypesText(String op, String l, String r)"
      >
      <messagebody>
         The operands in the expression {1} {0} {2} are not of the same type.
      </messagebody>
   </message>

   <!--  -->
   <message
      messageid="patternSyntaxError"
      datehash="-72169043"
      datelastchanged="1075744282382"
      method="getPatternSyntaxErrorText(String pattern)"
      >
      <messagebody>
         The regex pattern {0} in the query expression has a syntax error.
      </messagebody>
   </message>

   <!--  -->
   <message
      messageid="invalidQueryExpression"
      datehash="-1709970690"
      datelastchanged="1106177888681"
      method="getInvalidQueryExpressionText(String expr)"
      >
      <messagebody>
         The query expression {0} is syntactically invalid.
      </messagebody>
   </message>

   <!--  -->
   <message
      messageid="unknownVariable"
      datehash="-652765327"
      datelastchanged="1075842255771"
      method="getUnknownVariableMsg(String var)"
      >
      <messagebody>
         The variable name {0} is unknown and cannot be resolved.
      </messagebody>
   </message>

   <message
      messageid="mismatchedNodeType"
      datehash="852481319"
      datelastchanged="1106177888681"
      method="getMismatchedNodeTypeMsg(String nodeText, String type)"
      >
      <messagebody>
         The node name {0} is not of type {1}.
      </messagebody>
   </message>

   <message
      messageid="WLSTHelpDesc"
      datehash="-1277751877"
      datelastchanged="1106177888681"
      method="getWLSTHelpDesc()"
      >
      <messagebody>
         WLST commands for the Diagnostics component.
      </messagebody>
   </message>

   <message
      messageid="WLSTExportDesc"
      datehash="1771796410"
      datelastchanged="1106177888681"
      method="getWLSTExportDesc()"
      >
      <messagebody>
         The exportDiagnosticData command exports the diagnostic data created by the WebLogic Server to XML format in the offline mode.
      </messagebody>
   </message>

   <message
      messageid="WLSTExportSyntax"
      datehash="-1532114692"
      datelastchanged="1106177888681"
      method="getWLSTExportSyntax()"
      >
      <messagebody>
         The exportDiagnosticData() command takes different arguments which can be supplied as key value pairs separated by comma. \n            

         The different parameter names are listed below. \n

         @param logicalName The logical name of the log file being read. If not specified then defaults to &quot;ServerLog&quot;.
         The different types of logs supported for offline access are HarvestedDataArchive, EventsDataArchive, ServerLog, DomainLog, HTTPAccessLog, WebAppLog, ConnectorLog, JMSMessageLog and JMSSAFMessageLog. \n         

         @param logName - This parameter refers to the base log file name containing the log data to be exported. If not specified then defaults to &quot;myserver.log&quot;\n

         @param storeDir - The location of the diagnostic store for the server. If not specified then defaults to &quot;../data/store/diagnostics&quot;\n

         @param logRotationDir - The directory containing the old rotated log files. If not specified defaults to &quot;.&quot;\n

         @param query - An expression specifying the filter condition for the data records to be included in the result set. If not specified defaults to an empty string which will return all the data.\n

         @param beginTime - The timestamp (inclusive) of the earliest record to be added to the result set. If not specified defaults to 0\n

         @param endTime - The timestamp (exclusive) of the latest record to be added to the result set. If not specified defaults to Long.MAX_VALUE\n

         @exportFileName - The name of the file to which the data is exported, defaults to export.xml if not specified by the user. \n

         @elfFields - Applicable for HTTP Access logs only if this is in the Extended format. See WebServerLogMBean.getELFFields() \n

      </messagebody>
   </message>

   <message
      messageid="WLSTExportExample"
      datehash="704876905"
      datelastchanged="1106177888681"
      method="getWLSTExportExample()"
      >
      <messagebody>
         This will export all the data from the server log named server1.log and its rotated files from the current dir to a export file called foo.xml.\n
         exportDiagnosticData(logicalName=&quot;ServerLog&quot;,logName=&quot;server.log&quot;,exportFileName=&quot;foo.xml&quot;)
      </messagebody>
   </message>


   <message
      messageid="DomainRuntimeNamespaceWarningText"
      method="getDomainRuntimeNamespaceWarningText(String namespace)">
      <messagebody>
      The {0} namespace is valid only on the administration server.
      </messagebody>
   </message>

   <message
      messageid="InvalidHarvesterNamespaceText"
      method="getInvalidHarvesterNamespaceText(String namespace)">
      <messagebody>
      The specified harvester namespace, &quot;{0}&quot;, is invalid; valid namespaces are 
      &quot;ServerRuntime&quot; and &quot;DomainRuntime&quot;.
      </messagebody>
   </message>

   <message
      messageid="BadHarvesterVariableName"
      datehash="-2057609377"
      datelastchanged="1106177888681"
      method="getBadHarvesterVariableName(String name, String watchName)"
      >
      <messagebody>
      The Harvester watch variable &quot;{0}&quot; defined in watch &quot;{1}&quot; is invalid.
      The variable name should be comprised of an optional type (enclosed in square brackets - &quot;[]&quot;),
      followed by the ObjectName of the MBean instance(optional if type is provided),
      followed by a pair of forward slash characters - &quot;//&quot; and finally by
      the MBean attribute name, which is mandatory.
      An example of a Harvester watch variable expression is &apos;${[weblogic.management.configuration.ServerRuntime]mydomain:Name=myserver,Type=ServerRuntime//SocketsOpenedTotalCount} &gt;= 5&apos;
      </messagebody>
   </message>

   <message
      messageid="BadHarvesterVariableType"
      method="getBadHarvesterVariableType(String typePortion, String varName, String watchName)"
      >
      <messagebody>
      The type name portion, &quot;{0}&quot;, of the variable is invalid.
      The type name must represent a well-formed Java classname.
      </messagebody>
   </message>

   <message
      messageid="BadHarvesterVariableAttr"
      method="getBadHarvesterVariableAttr(String attrPortionString, String varName, String watchName)"
      >
      <messagebody>
      The attribute name portion, &quot;{0}&quot;, of the variable is invalid.
      The attribute name must represent a well-formed Java identifier.
      </messagebody>
   </message>

   <message
      messageid="HarvesterVariableTypeMismatch"
      method="getHarvesterVariableTypeMismatch(String var, String instance, String providedType, String actualType)"
      >
      <messagebody>
      In the Harvester watch variable, &quot;{0}&quot;, the provided type name, &quot;{2}&quot;, does not match the
      actual type name, &quot;{3}&quot;, for the provided instance, &quot;{1}&quot;. Ignoring provided type.
      </messagebody>
   </message>

   <message
      messageid="InvalidObjectName"
      datehash="-1523953482"
      datelastchanged="1106177888681"
      method="getInvalidObjectName(String objectName, String varName, String varType)"
      >
      <messagebody>
      The instance name, &quot;{0}&quot; is invalid. It must conform to valid 
      JMX ObjectName syntax.
      </messagebody>
   </message>

   <message
      messageid="EmptyAttributeName"
      datehash="-1947209416"
      datelastchanged="1106177888681"
      method="getEmptyAttributeName(String varName, String watchName)"
      >
      <messagebody>
      There is no attribute name provided. Attribute names are a mandatory part of the
      Harvester watch variable syntax.
      </messagebody>
   </message>

   <message
      messageid="MissingBothTypeAndInstanceName"
      method="getMissingBothTypeAndInstanceName(String varName, String watchName)"
      >
      <messagebody>
      Neither a type name nor an instance name is specified. The syntax requires that
      one of these to be present.
      </messagebody>
   </message>

   <message
      messageid="ErrorsOcurredParsingHarvesterVariableName"
      method="getErrorsOcurredParsingHarvesterVariableName(String varName, String watchName, String errors, int count)"
      >
      <messagebody>
      The following {3} errors occurred whilst parsing Harvester watch variable &quot;{0}&quot; (defined in watch &quot;{1}&quot;):{2}
      </messagebody>
   </message>

   <message
      messageid="ErrorsOccurredValidatingWatchedValues"
      method="getErrorsOccurredValidatingWatchedValues(String errors, int count)"
      >
      <messagebody>
      The following {1} errors occurred whilst validating Harvester watch rules:{0}
      </messagebody>
   </message>

   <message
      messageid="InstanceLabel"
      datehash="-1719728969"
      datelastchanged="1106177888681"
      method="getInstanceLabel()"
      >
      <messagebody>instance</messagebody>
   </message>

   <message
      messageid="InstancesLabel"
      datehash="-1771990372"
      datelastchanged="1106177888681"
      method="getInstancesLabel()"
      >
      <messagebody>instances</messagebody>
   </message>

   <message
      messageid="TypeLabel"
      datehash="-1978638244"
      datelastchanged="1106177888681"
      method="getTypeLabel()"
      >
      <messagebody>type</messagebody>
   </message>

   <message
      messageid="TypesLabel"
      datehash="-1208243305"
      datelastchanged="1106177888681"
      method="getTypesLabel()"
      >
      <messagebody>types</messagebody>
   </message>

   <message
      messageid="AttributeLabel"
      datehash="-1788002630"
      datelastchanged="1106177888681"
      method="getAttributeLabel()"
      >
      <messagebody>attribute</messagebody>
   </message>

   <message
      messageid="AttributesLabel"
      datehash="406493433"
      datelastchanged="1106177888681"
      method="getAttributesLabel()"
      >
      <messagebody>attributes</messagebody>
   </message>

   <message
      messageid="ProviderLabel"
      datehash="1032615443"
      datelastchanged="1106177888681"
      method="getProviderLabel()"
      >
      <messagebody>provider</messagebody>
   </message>

   <message
      messageid="ProvidersLabel"
      datehash="1946307776"
      datelastchanged="1106177888681"
      method="getProvidersLabel()"
      >
      <messagebody>providers</messagebody>
   </message>

   <message
      messageid="EnabledLabel"
      datehash="2057801439"
      datelastchanged="1106177888681"
      method="getEnabledLabel()"
      >
      <messagebody>enabled</messagebody>
   </message>

   <message
      messageid="DisabledLabel"
      datehash="-2003916130"
      datelastchanged="1106177888681"
      method="getDisabledLabel()"
      >
      <messagebody>disabled</messagebody>
   </message>

   <message
      messageid="HarvestedLabel"
      datehash="-1972619802"
      datelastchanged="1106177888681"
      method="getHarvestedLabel()"
      >
      <messagebody>harvested</messagebody>
   </message>

   <message
      messageid="UnharvestedLabel"
      datehash="-76811283"
      datelastchanged="1106177888681"
      method="getUnharvestedLabel()"
      >
      <messagebody>unharvested</messagebody>
   </message>

   <message
      messageid="PluginStateInitialLabel"
      datehash="1320770274"
      datelastchanged="1106177888681"
      method="getPluginStateInitialLabel()"
      >
      <messagebody>initial</messagebody>
   </message>

   <message
      messageid="PluginStateActiveLabel"
      datehash="635015080"
      datelastchanged="1106177888681"
      method="getPluginStateActiveLabel()"
      >
      <messagebody>active</messagebody>
   </message>

   <message
      messageid="PluginStateShutdownLabel"
      datehash="1850766968"
      datelastchanged="1106177888681"
      method="getPluginStateShutdownLabel()"
      >
      <messagebody>shutdown</messagebody>
   </message>

   <message
      messageid="PluginStateUndefinedLabel"
      datehash="1480179082"
      datelastchanged="1106177888681"
      method="getPluginStateUndefinedLabel()"
      >
      <messagebody>***ERROR***</messagebody>
   </message>

   <message
      messageid="HarvesterStateActiveLabel"
      datehash="635015080"
      datelastchanged="1106177888681"
      method="getHarvesterStateActiveLabel()"
      >
      <messagebody>active</messagebody>
   </message>

   <message
      messageid="HarvesterStateInactiveLabel"
      datehash="2044775565"
      datelastchanged="1106177888681"
      method="getHarvesterStateInactiveLabel()"
      >
      <messagebody>inactive</messagebody>
   </message>

   <message
      messageid="YesLabel"
      datehash="351819141"
      datelastchanged="1106177888681"
      method="getYesLabel()"
      >
      <messagebody>yes</messagebody>
   </message>

   <message
      messageid="NoLabel"
      datehash="1258274659"
      datelastchanged="1106177888681"
      method="getNoLabel()"
      >
      <messagebody>no</messagebody>
   </message>

   <message
      messageid="MaybeLabel"
      datehash="-1215414394"
      datelastchanged="1106177888681"
      method="getMaybeLabel()"
      >
      <messagebody>maybe</messagebody>
   </message>

   <message
      messageid="NullParamMessage"
      datehash="-742005440"
      datelastchanged="1106177888681"
      method="getNullParamMessage(String param)"
      >
      <messagebody>
      The required parameter, &quot;{0}&quot;, is null.      
      </messagebody>
   </message>

   <!--  valid values for invalidNameType are msgcat messages InstanceLabel, TypeLabel, etc. -->
   <message
      messageid="InvalidParamMessage"
      datehash="-378823455"
      datelastchanged="1106177888681"
      method="getInvalidParamMessage(String invalidNameType, String invalidNameValue)"
      >
      <messagebody>
      The provided &quot;{0}&quot; value &quot;{1}&quot; is invalid.     
      </messagebody>
   </message>

   <message
      messageid="ConfigLoadingProblemMessage"
      datehash="935885937"
      datelastchanged="1106177888681"
      method="getConfigLoadingProblemMessage()"
      >
      <messagebody>
   A problem occurred consuming the harvester configuration.
   </messagebody>
   </message>

   <message
      messageid="InvalidPluginStateMessage"
      datehash="-824013837"
      datelastchanged="1106177888681"
      method="getInvalidPluginStateMessage(String pluginName, String state)"
      >
      <messagebody>
    A request was made to plugin &quot;{0}&quot; while it was in an
    inappropriate state.  The state at time of call was &quot;{1}&quot;.
   </messagebody>
   </message>

   <message
      messageid="HarvesterNotAvailableMessage"
      datehash="-2102974036"
      datelastchanged="1106177888681"
      method="getHarvesterNotAvailableMessage()"
      >
      <messagebody>&quot;The harvester is not currently active for this server.&quot;</messagebody>
   </message>

   <message
      messageid="AmbiguousTypeNameMessage"
      datehash="2051421900"
      datelastchanged="1106177888681"
      method="getAmbiguousTypeNameMessage(String typeName, String provName1, String provName2)"
      >
      <messagebody>
    The instance name &quot;{0}&quot; is ambiguous.  It exists in both type
    &quot;{2}&quot; in provider &quot;{1}&quot; and in type &quot;{4}&quot; in provider &quot;{3}&quot;.
   </messagebody>
   </message>

   <!--  valid values for itemType are msgcat messages InstancesLabel and typeLabel -->
   <message
      messageid="ItemNotHarvestableMessage"
      datehash="-702463931"
      datelastchanged="1106177888681"
      method="getItemNotHarvestableMessage(String itemType, String name)"
      >
      <messagebody>
   The {0} named &quot;{1}&quot; is not harvestable.
   </messagebody>
   </message>

   <message
      messageid="NoTypeConfigMessage"
      datehash="204929360"
      datelastchanged="1106177888681"
      method="getNoTypeConfigMessage(String typeName)"
      >
      <messagebody>
   There is no Harvester configuration data for harvester type &quot;{0}&quot;.
   </messagebody>
   </message>

   <message
      messageid="AmbiguousInstanceNameMessage"
      datehash="2051421900"
      datelastchanged="1106177888681"
      method="getAmbiguousInstanceNameMessage(String instName, String provName1, String typeName1, String provName2, String typeName2)"
      >
      <messagebody>
    The instance name &quot;{0}&quot; is ambiguous.  It exists in both type
    &quot;{2}&quot; in provider &quot;{1}&quot; and in type &quot;{4}&quot; in provider &quot;{3}&quot;.
   </messagebody>
   </message>

   <message
      messageid="NotHarvestableMessage"
      datehash="1651740954"
      datelastchanged="1106177888681"
      method="getNotHarvestableMessage(String itemType, String typeName, String itemList)"
      >
      <messagebody>
   The following {0} are not harvestable for type &quot;{1}&quot;: {2}
   </messagebody>
   </message>

   <message
      messageid="DuplicateProviderMessage"
      datehash="-1599311011"
      datelastchanged="1106177888681"
      method="getDuplicateProviderMessage(String provName)"
      >
      <messagebody>
   The provider name &quot;{0}&quot; is registered twice.
   </messagebody>
   </message>

   <message
      messageid="IllegalOperationOnRunningHarvesterMessage"
      datehash="430268332"
      datelastchanged="1106177888681"
      method="getIllegalOperationOnRunningHarvesterMessage()"
      >
      <messagebody>
   An attempt was made to alter the Harvester after it is running.
   </messagebody>
   </message>

   <message
      messageid="InstanceNotRegisteredMessage"
      datehash="877383416"
      datelastchanged="1106177888681"
      method="getInstanceNotRegisteredMessage()"
      >
      <messagebody>
   A provided instance is not registered.
   </messagebody>
   </message>

   <message
      messageid="TypeNotDefinedMessage"
      datehash="919159105"
      datelastchanged="1106177888681"
      method="getTypeNotDefinedMessage()"
      >
      <messagebody>
   A provided type does not exist.
   </messagebody>
   </message>

   <message
      messageid="InstancesDoNotExistMessage"
      datehash="-1721850652"
      datelastchanged="1106177888681"
      method="getInstancesDoNotExistMessage(String listOfInstances)"
      >
      <messagebody>
   The following Harvestable instances do not exist: {0}.
   </messagebody>
   </message>

   <message
      messageid="TypesDoNotExistMessage"
      datehash="120271753"
      datelastchanged="1106177888681"
      method="getTypesDoNotExistMessage(String listOfTypes)"
      >
      <messagebody>
   The following Harvestable types do not exist: {0}.
   </messagebody>
   </message>

   <message
      messageid="HarvesterTypeNotFoundMessage"
      datehash="1695456766"
      datelastchanged="1106177888681"
      method="getHarvesterTypeNotFoundMessage(String typeName)"
      >
      <messagebody>
   Type named &quot;{0}&quot; was not found in this domain.
   </messagebody>
   </message>

   <message
      messageid="GenericHarvesterProblemMessage"
      datehash="-698465739"
      datelastchanged="1106177888681"
      method="getGenericHarvesterProblemMessage()"
      >
      <messagebody>
   An unexpected internal problem has occurred in the Harvester. Additional information on this problem is provided
   when the Harvester debug is active.
   </messagebody>
   </message>

   <message
      messageid="NoJDBCSystemResourceConfigured"
      datehash="397871732"
      datelastchanged="1106177888681"
      method="getNoJDBCSystemResourceConfiguredText(String serverName)"
      >
      <messagebody>
      The WLDFServerDiagnosticMBean for server &quot;{0}&quot; has JDBC archive but the DiagnosticJDBCResource property does not refer to any JDBCSystemResource.
      </messagebody>
   </message>

   <message
      messageid="JDBCSystemResourceNotTargettedToServer"
      datehash="73228276"
      datelastchanged="1106177888681"
      method="getJDBCSystemResourceNotTargettedToServer(String jdbcSysRes, String serverName)"
      >
      <messagebody>
      The WLDFServerDiagnosticMBean for server &quot;{0}&quot; has JDBC archive that refers to JDBCSystemResource &quot;{1}&quot; which is not targetted to this server.
      </messagebody>
   </message>

   <message
      messageid="SNMPNotificationAgentUndefinedError"
      method="getSNMPNotificationAgentUndefinedError()"
      >
      <messagebody>
      No SNMP agent instance is available for sending SNMP traps for Watch notifications.
      </messagebody>
   </message>

   <message
      messageid="MailSessionIsUndefined"
      datehash="-1702999930"
      datelastchanged="1106179454813"
      method="getMailSessionIsUndefined(String sessionName)"
      >
      <messagebody>
      A diagnostic SMTP notification refers to an undefined mail session named &quot;{0}&quot;.
      </messagebody>
   </message>

   <message
      messageid="MailSessionIsNotOnServer"
      datehash="1660860561"
      datelastchanged="1106177888681"
      method="getMailSessionIsNotOnServer(String sessionName, String serverName)"
      >
      <messagebody>
      An SMTP notification refers to an mail session named &quot;{0}&quot; that is not targeted to this server (&quot;{1}&quot;).
      </messagebody>
   </message>

   <message
      messageid="UndefinedMailRecipients"
      datehash="1058064451"
      datelastchanged="1106179454813"
      method="getUndefinedMailRecipients(String badRecipientsStr, String smtpNotifName, String referencedSessionName)"
      >
      <messagebody>
      The following recipients, defined in diagnostics SMTP notification named &quot;{1}&quot;, are undefined on referenced mail session named &quot;{2}&quot;: {0}
      </messagebody>
   </message>

   <message
      messageid="InconsistentTypesInWatchInstVarMessage"
      method="getInconsistentTypesInWatchInstVarMessage(String instanceName, String specifiedTypeName, String actualTypeName)"
      >
      <messagebody>
      The instance named &quot;{0}&quot; was specified to be of type &quot;{1}&quot; but is actually of type &quot;{2}&quot;.
      </messagebody>
   </message>

   <message
      messageid="WatchInstanceMetricNotFoundMessage"
      method="getWatchInstanceMetricNotFoundMessage(String typeName, String instanceName, String attributeName)"
      >
      <messagebody>
      The attribute &quot;{2}&quot; was specified in a watch rule for instance &quot;{1}&quot;, but that metric does not exist in any of the potential types for the instance: &quot;{0}&quot;.
      </messagebody>
   </message>

   <message
      messageid="WatchTypeMetricNotFoundMessage"
      method="getWatchTypeMetricNotFoundMessage(String typeName, String attributeName)"
      >
      <messagebody>
      Harvestable attribute named &quot;{1}&quot; was defined for type &quot;{0}&quot; in a watch rule, but that metric does not exist.
      </messagebody>
   </message>

   <message
      messageid="ProblemDuringWatchProcessingMessage"
      method="getProblemDuringWatchProcessingMessage()"
      >
      <messagebody>
      A problem occurred during the processing of the Harvester watch rules.
      </messagebody>
   </message>

   <message
      messageid="ConflictingTypesInWatchRulesMessage"
      method="getConflictingTypesInWatchRulesMessage(String instance, String type1, String type2)"
      >
      <messagebody>
      Instance &quot;{0}&quot; is specified with different types in watch rules.  The conflicting types are &quot;{1}&quot; and &quot;{2}&quot;.
      </messagebody>
   </message>

   <message
      messageid="ModelMBeanDoesNotPublishTypeMessage"
      method="getModelMBeanDoesNotPublishTypeMessage(String mBean)"
      >
      <messagebody>
      Custom ModelMBean &quot;{1}&quot; does not publish it's type so it cannot be watched.
      </messagebody>
   </message>

   <message
      messageid="AttributeIsMarkedUnharvestableMessage"
      method="getAttributeIsMarkedUnharvestableMessage(String type, String inst, String attr)"
      >
      <messagebody>
      The attribute &quot;{2}&quot; in instance &quot;{1}&quot; is defined for the type &quot;{0}&quot; but is not a harvestable attribute.
      </messagebody>
   </message>

   <message
      messageid="WatchListMessage"
      method="getWatchListMessage(String watches)"
      >
      <messagebody>
      [Occurs in Watches: {0}]
      </messagebody>
   </message>

   <!-- Task status texts -->
   <message
      messageid="PendingTaskStatusText"
      method="getPendingTaskStatusText()"
      >
      <messagebody>
      Pending
      </messagebody>
   </message>
   
   <message
      messageid="ExecutingTaskStatusText"
      method="getExecutingTaskStatusText()"
      >
      <messagebody>
      Executing
      </messagebody>
   </message>
   
   <message
      messageid="CompletedTaskStatusText"
      method="getCompletedTaskStatusText()"
      >
      <messagebody>
      Completed
      </messagebody>
   </message>
   
   <message
      messageid="CancelledTaskStatusText"
      method="getCancelledTaskStatusText()"
      >
      <messagebody>
      Cancelled
      </messagebody>
   </message>
   
   <message
      messageid="FailedTaskStatusText"
      method="getFailedTaskStatusText()"
      >
      <messagebody>
      Failed
      </messagebody>
   </message> 
   
   <!-- Data retirement task description -->
   <message
      messageid="DataRetirementTaskDescriptionText"
      method="getDataRetirementTaskDescriptionText()"
      >
      <messagebody>
      Data retirement
      </messagebody>
   </message> 
   
   <!-- Data retirement task description -->
   <message
      messageid="SizeBasedDataRetirementTaskDescriptionText"
      method="getSizeBasedDataRetirementTaskDescriptionText()"
      >
      <messagebody>
      Size based data retirement
      </messagebody>
   </message> 
   
   <!-- Data retirement task description -->
   <message
      messageid="AgeBasedDataRetirementTaskDescriptionText"
      method="getAgeBasedDataRetirementTaskDescriptionText()"
      >
      <messagebody>
      Age based data retirement
      </messagebody>
   </message>  
   
   <!-- Duplicate data retirements for an archive -->
   <message
      messageid="DuplicateRetirementsErrorText"
      method="getDuplicateRetirementsErrorText(String archiveNames)"
      >
      <messagebody>
      Duplicate data retirements for archive(s): {0}
      </messagebody>
   </message> 
   
   <!-- Invalid archive name for a data WLDFDataRetirementMBean -->
   <message
      messageid="InvalidArchiveNameForDataRetirementText"
      method="getInvalidArchiveNameForDataRetirementText(String name, String validValues)"
      >
      <messagebody>
      Invalid archive name in data retirement configuration for &quot;{0}&quot;. Permissible values are: {1}
      </messagebody>
   </message> 
   
   <!-- Invalid retirement time for a data WLDFDataRetirementMBean -->
   <message
      messageid="InvalidRetirementTimeText"
      method="getInvalidRetirementTimeText(String name, int retirementTime)"
      >
      <messagebody>
      Invalid retirement time {1} for data retirement &quot;{0}&quot; is not in the range [0..23]
      </messagebody>
   </message>                                    

  <!-- Invalid instance name for WLDF Harvester -->
   <message
      messageid="InvalidHarvesterInstanceNameText"
      method="getInvalidHarvesterInstanceNameText(String name)"
      >
      <messagebody>
      The instance name specified is not a valid ObjectName or pattern supported by 
      the WLDF Harvester.
      </messagebody>
   </message>                                    

  <!-- Invalid instance name pattern for WLDF Harvester -->
   <message
      messageid="InvalidHarvesterInstanceNamePatternText"
      method="getInvalidHarvesterInstanceNamePatternText(String name)"
      >
      <messagebody>
      The instance name pattern specified is not a valid pattern 
      supported by the WLDF Harvester.
      </messagebody>
   </message>                                    

  <!-- Invalid instance name pattern for WLDF Harvester -->
   <message
      messageid="AccessorClientIOException"
      method="getAccessorClientIOException(int responseCode)"
      >
      <messagebody>
      "Failed to get an HTTP_OK response; response received {0}"
      </messagebody>
   </message>                                    

   <message
      messageid="AccessorClientInvalidImageName"
      method="getAccessorClientInvalidImageName(String imageName)"
      >
      <messagebody>
      "{0} is not a valid Diagnostic Image file."
      </messagebody>
   </message>                                    

   <message
      messageid="AccessorClientInvalidImageEntryName"
      method="getAccessorClientInvalidImageEntryName(String imageName, String imageEntry)"
      >
      <messagebody>
      "{1} is not a valid entry for Diagnostic Image file {0}."
      </messagebody>
   </message>                                    

   <message
      messageid="AccessorClientImageEntryNotFound"
      method="getAccessorClientImageEntryNotFound(String imageName, String imageEntry)"
      >
      <messagebody>
      "Image entry {1} not found in Diagnostic Image file {0}."
      </messagebody>
   </message>                                    

   <message                                    
      messageid="StoreNotAvailable"
      method="getStoreNotAvailable(String archiveName)"
      >
      <messagebody>
      Persistent store is not available for archive {0}.
      </messagebody>
   </message>                                    

   <message
      messageid="ArchiveDoesNotSupportUpdate"
      method="getArchiveDoesNotSupportUpdate(String archiveName)"
      >
      <messagebody>
      Archive {0} does not support update operation.
      </messagebody>
   </message>
                                    
   <message
      messageid="RuntimeControlAlreadyExists"
      method="getRuntimeControlAlreadyExists(String name)"
      >
      <messagebody>
        The WLDF system resource named {0} already exists!!");
      </messagebody>
   </message>                                    

   <message
      messageid="AttemptedToDeleteDomainConfiguredResource"
      method="getAttemptedToDeleteDomainConfiguredResource(String name)"
      >
      <messagebody>
      Unable to delete system resource {0}, it is either a built-in or domain-configured resource.
      </messagebody>
   </message>                                    

   <message
      messageid="InputParams"
      method="getInputParamsText()"
      >
      <messagebody>
      Input parameters:
      </messagebody>
   </message>                                    

   <message
      messageid="ExportingDiagnosticDataMsg"
      method="getExportingDiagnosticDataMsgText(String fileName)"
      >
      <messagebody>
      Exporting diagnostic data to {0}.
      </messagebody>
   </message>
                                       
   <message
      messageid="ExportDiagnosticDataSuccessMsg"
      method="getExportDiagnosticDataSuccessMsgText()"
      >
      <messagebody>
      Exported diagnostic data successfully.
      </messagebody>
   </message>                                    

   <message
      messageid="LoggingImageSourceTimedOutMsg"
      method="getLoggingImageSourceTimedOutMsgText(String fileName)"
      >
      <messagebody>
      The Logging image source has timed out. The contents of the log file {0} could not be fully written to the diagnostic image.
      </messagebody>
   </message>                                    
   
</message_catalog>
