<?xml version="1.0"?>
<!DOCTYPE message_catalog
  PUBLIC "weblogic-message-catalog-dtd"
  "http://www.bea.com/servers/wls710/dtd/msgcat.dtd">
<message_catalog
  i18n_package="weblogic.store"
  l10n_package="weblogic.store"
  subsystem="Store"
  version="1.0"
  baseid="280000"
  endid="280999"
  loggables="false"
  prefix="WL">
  
  <logmessage messageid="280000" severity="debug"
    retired="true"
    method="logDebugMessage(String msg)">
    <messagebody>
      &lt;StoreDebug&gt; {0}
    </messagebody>
    <messagedetail>
      A generic debug message
    </messagedetail>
    <cause>
      Debug message.
    </cause>
    <action>
      No action required.
    </action>
  </logmessage>
  
  <logmessage messageid="280001" severity="info"
    retired="true"
    method="logExtentCreated(String fileName)">
    <messagebody>
      A new store log extent was created in the file &quot;{0}&quot;.
    </messagebody>
    <messagedetail>
      The specified file was created to serve as a location to hold updates to
      the persistent store.
    </messagedetail>
    <cause>
      The number of objects held in the persistent store has increased and it
      is necessary to allocate more disk space for their storage.
    </cause>
    <action>
      No action is required.
    </action>
  </logmessage>
  
  <logmessage messageid="280002" severity="error"
    retired="true"
    method="logErrorCreatingExtent(String msg)">
    <messagebody>
      An error was encountered when creating a new log extent: {0}
    </messagebody>
    <messagedetail>
      When attempting to create a new file to store persistent objects, an
      error occurred.
    </messagedetail>
    <cause>
      The disk may be full or there may be a hardware problem.
    </cause>
    <action>
      Check that there is enough disk space available in the store directory.
    </action>
  </logmessage>
  
  <logmessage messageid="280003" severity="warning"
    retired="true"
    method="logErrorCleaningLog(String msg)">
    <messagebody>
      An error occurred when cleaning up the persistent store log: {0}
    </messagebody>
    <messagedetail>
      An attempt was made to reduce the size of the persistent store&apos;s log,
      but an error occurred.
    </messagedetail>
    <cause>
      This is an internal error.
    </cause>
    <action>
      Contact My Oracle Support.
    </action>
  </logmessage>

  <logmessage messageid="280004" severity="warning"
    retired="true"
    method="logErrorMovingRecord(String msg)">
    <messagebody>
      An error occurred while attempting to move a persistent store record: {0}
    </messagebody>
    <messagedetail>
      The persistent store periodically attempts to save space by moving older
      records within the log or to the heap file. This error is produced when
      this process fails.
    </messagedetail>
    <cause>
      There may be a problem with the disk hardware, or the disk(s) where
      the store keeps its log and data files may be full.
    </cause>
    <action>
      Check that the hardware is functioning and that there is sufficient
      disk space. The server should continue to function in the meantime.
    </action>
  </logmessage>
  
  <logmessage messageid="280005" severity="warning"
    retired="true"
    method="logErrorCleaningHeap(String msg)">
    <messagebody>
      An error occurred while deleting records from the heap file: {0}
    </messagebody>
    <messagedetail>
      The persistent store keeps long-lived records, as well as large records,
      in a separate file. This error is produced when deleted records must be cleaned 
	  out of the file.
    </messagedetail>
    <cause>
      The disk may be full, or there may be another problem with the heap file
      itself.
    </cause>
    <action>
      Check that there is sufficient disk space and that all the files that make
      up the persistent store are available on-line. The server should continue
      to function in the meantime.
    </action>
  </logmessage>
  
  <logmessage messageid="280006" severity="error"
    retired="true"
    method="logErrorDuringRecovery(String msg)">
    <messagebody>
      The persistent store was unable to complete the recovery process: {0}
    </messagebody>
    <messagedetail>
      There was a problem with the contents of the existing persistent store
      files, or the store was unable to perform additional updates to the 
      persistent data as part of the boot-time recovery process.
    </messagedetail>
    <cause>
      See the detail message.
    </cause>
    <action>
      Ensure that all the store files are available online and that the disk 
      is not full, and then restart the server.
    </action>
  </logmessage>
  
  <logmessage messageid="280007" severity="error"
    retired="true"
    method="logInvalidLogRecordType(short type)">
    <messagebody>
      A record with an invalid log type of {0} was found in the persistent 
      store&apos;s log files
    </messagebody>
    <messagedetail>
      A bad log record was found in the persistent store&apos;s log.
    </messagedetail>
    <cause>
      There could have been a hardware or operating system problem that caused
      the log to be corrupted, or there may be a version mismatch of the server
      running against the log.
    </cause>
    <action>
      Ensure that the hardware is functioning properly, that all the environment
      variables are set correctly, and that no other process is running that
      could be accessing the log. Restart the server.
    </action>
  </logmessage>
  
  <logmessage messageid="280008" severity="info"
    retired="false"
    method="logOpeningPersistentStore(String storeName, String directoryName, String writPolicy, boolean locking, String driver)">
    <messagebody>
      Opening the persistent file store &quot;{0}&quot; for recovery: directory={1} requestedWritePolicy=&quot;{2}&quot; fileLockingEnabled={3} driver=&quot;{4}&quot;.
    </messagebody>
    <messagedetail>
      The persistent store is scanning its log and data files in order to
      reconstruct its state at the last time it was running. The
      requested write policy may change if it cannot be supported;
      for the final write policy,
      see &quot;actualWritePolicy&quot; in log message 280009.
    </messagedetail>
    <cause>
      This is an informational message.
    </cause>
    <action>
      No action is required.
    </action>
  </logmessage>
  
  <logmessage messageid="280009" severity="info"
    retired="false"
    method="logPersistentStoreOpened(String storeName, String uuid, int blockSize, String directIOMode, boolean explicitIO, int numRecs)">
    <messagebody>
      The persistent file store &quot;{0}&quot; ({1}) has been opened: blockSize={2} actualWritePolicy=&quot;{3}&quot; explicitIOEnforced={4} records={5}.
    </messagebody>
    <messagedetail>
      The persistent store has scanned its files and recovered its state as it was at
      the last time that it was running.
    </messagedetail>
    <cause>
      This is an informational message.
    </cause>
    <action>
      No action is required.
    </action>
  </logmessage>
  
  <logmessage messageid="280010" severity="error"
    retired="true"
    method="logInvalidFlags()">
    <messagebody>
      The specified flags argument is invalid.
    </messagebody>
    <messagedetail>
      A method was called that has a &quot;flags&quot; parameter, and the 
      value of this parameter was incorrect.
    </messagedetail>
    <cause>
      This is a programming error.
    </cause>
    <action>
      Check the code and try again.
    </action>
  </logmessage>
  
  <logmessage messageid="280011" severity="error"
    retired="true"
    method="logInvalidRecordType()">
    <messagebody>
      The specified log record has an invalid type.
    </messagebody>
    <messagedetail>
      When a zero-length log record is logged, the &quot;type&quot; parameter
      must not be zero.
    </messagedetail>
    <cause>
      This is a programming error.
    </cause>
    <action>
      Check the code and try again.
    </action>
  </logmessage>
  
  <logmessage messageid="280012" severity="error"
    loggable="true"
    method="logRecoveryNotComplete()">
    <messagebody>
      Recovery is not yet complete.
    </messagebody>
    <messagedetail>
      The store may not be used until log and heap recovery is complete. 
      This means that the &quot;recover&quot; method must be called until 
      it returns null.
    </messagedetail>
    <cause>
      This was caused by a programming error.
    </cause>
    <action>
      Check the code and try again.
    </action>
  </logmessage>
  
  <logmessage messageid="280013" severity="error"
    loggable="true"
    method="logRecordTooLong(Number maxLength)">
    <messagebody>
      The specified store record is longer than the maximum length of {0}
      bytes.
    </messagebody>
    <messagedetail>
      The record is too large.
    </messagedetail>
    <cause>
      This was caused by a programming error.
    </cause>
    <action>
      Either change the code or increase the size of the record.
    </action>
  </logmessage>
  
  <logmessage messageid="280014" severity="error"
    retired="true"
    method="logUnreserveNotSupported()">
    <messagebody>
      The unreserve method is not supported with manual log space management
    </messagebody>
    <messagedetail>
      The &quot;unreserve&quot; method must only be used when the log is opened
      with automatic space management.
    </messagedetail>
    <cause>
      Programming error.
    </cause>
    <action>
      Fix the code and try again.
    </action>
  </logmessage>
  
  <logmessage messageid="280015" severity="error"
    retired="true"
    method="logLogRecordNotFound(String lsn)">
    <messagebody>
      The log record {0} was not found
    </messagebody>
    <messagedetail>
      The specified log record has not yet been written and flushed to the log.
    </messagedetail>
    <cause>
      Either &quot;flush&quot; has not yet been called, or the caller specified
      an invalid LSN.
    </cause>
    <action>
      Check the code and try again.
    </action>
  </logmessage>
  
  <logmessage messageid="280016" severity="error"
    retired="true"
    method="logErrorReadingDirectory()">
    <messagebody>
      There was an error while checking the directory for log files
    </messagebody>
    <messagedetail>
      The store directory containing log files could not be read
    </messagedetail>
    <cause>
      Either the directory is not available, or there is a hardware failure.
      Check the detail message for more information.
    </cause>
    <action>
      Check that the persistent store directory is available and that the
      hardware is working.
    </action>
  </logmessage>
  
  <logmessage messageid="280017" severity="error"
    retired="true"
    method="logGapInLogFiles(int num)">
    <messagebody>
      There was a gap in the collection of log files available. File
      {0} is missing.
    </messagebody>
    <messagedetail>
      Not all the expected log files could be found, so the log cannot be
      safely recovered.
    </messagedetail>
    <cause>
      Either a file was accidentially deleted or moved, or there is an I/O
      problem in the hardware or software.
    </cause>
    <action>
      Check the detail message, and double-check that the persistent store
      directory was correctly specified.
    </action>
  </logmessage>
  
  <logmessage messageid="280018" severity="error"
    retired="true"
    method="logInvalidExtentSpec()">
    <messagebody>
      An invalid number of extents was specified
    </messagebody>
    <messagedetail>
      The &quot;initialExtents&quot; and/or &quot;maxExtents&quot; parameter
      were specified incorrectly. Both must be greater than or equal to one,
      and &quot;maxExtents&quot; must be equal to or greater than
      &quot;initialExtents&quot;
    </messagedetail>
    <cause>
      Programming error.
    </cause>
    <action>
      Fix the code and try again.
    </action>
  </logmessage>
  
  <logmessage messageid="280019" severity="error"
    loggable="true"
    method="logErrorWritingToStore()">
    <messagebody>
      There was an error while writing to a storage.
    </messagebody>
    <messagedetail>
      There was an error while writing to storage. See the detail message
      for more information.
    </messagedetail>
    <cause>
      See the detail message for the cause.
    </cause>
    <action>
      Ensure that the hardware and operating system are functioning properly and that
      there is enough space available for the storage area.
    </action>
  </logmessage>
  
   <logmessage messageid="280020" severity="error"
    loggable="true"
    method="logErrorReadingFromStore()">
    <messagebody>
      There was an error while reading from the storage.
    </messagebody>
    <messagedetail>
      There was an error while reading from the storage. See the detail message
      for more information.
    </messagedetail>
    <cause>
      See the detail message for the cause.
    </cause>
    <action>
      Ensure that the hardware and operating system are functioning properly and that
      all the storage spaces are available online.
    </action>
  </logmessage>
  
  <logmessage messageid="280021" severity="error"
    method="logErrorOpeningFile(String name)">
    <messagebody>
      There was an error while opening the file store file &quot;{0}&quot;.
    </messagebody>
    <messagedetail>
      A file could not be opened. The persistent store may not be able to
      recover.
    </messagedetail>
    <cause>
      Either the specified file does not exist, the server does not have permissions
      to open the file, or there is a hardware or operating system problem.
    </cause>
    <action>
      Ensure that the file exists and that the directory name was specified
      correctly.
    </action>
  </logmessage>
  
  <logmessage messageid="280022" severity="error"
    retired="true"
    method="logInvalidLogFile(String name)">
    <messagebody>
      The log file &quot;{0}&quot; is not a valid log file.
    </messagebody>
    <messagedetail>
      The specified file is not a valid log file because it was not created
      by a compatible version of WebLogic Server.
    </messagedetail>
    <cause>
      The file was created by another program, or it was corrupted.
    </cause>
    <action>
      Ensure that the file&apos;s directory name is correctly specified, and that
      the operating system and hardware are functioning properly. Remove the file and
      restart the server.
    </action>
  </logmessage>
 
  <logmessage messageid="280023" severity="warning"
    retired="true"
    method="logErrorClosingLogFile()">
    <messagebody>
      An error occurred while closing a log file
    </messagebody>
    <messagedetail>
      A file that was previously open could not be properly closed.
    </messagedetail>
    <cause>
      There may be a hardware or operating system problem.
    </cause>
    <action>
      No action is required. The server will recover from this error.
    </action>
  </logmessage>
  

  <logmessage messageid="280024" severity="error"
    loggable="true"
    method="logErrorCreatingFile(String name)">
    <messagebody>
      There was an error while creating a new file named &quot;{0}&quot; for
      the file store.
    </messagebody>
    <messagedetail>
      The file store file could not be created and initialized. See the 
      detail message for more information.
    </messagedetail>
    <cause>
      See the detail message. The disk may be full, or there may be a hardware
      or operating system problem.
    </cause>
    <action>
      Ensure that there is enough disk space and that the hardware and operating system
      are working properly.
    </action>
  </logmessage>
  
  <logmessage messageid="280025" severity="error"
    retired="true"
    method="logInvalidSizeOrOffset()">
    <messagebody>
      The log file size or offset is invalid.
    </messagebody>
    <messagedetail>
      The size of a raw log partition must be a multiple of the block size,
      and so must the offset.
    </messagedetail>
    <cause>
      This is caused by a programming error.
    </cause>
    <action>
      Fix the code and try again.
    </action>
  </logmessage>
  
  <logmessage messageid="280026" severity="error"
    loggable="true"
    method="logNoAccessToFile(String name)">
    <messagebody>
      The primary or cache file &quot;{0}&quot; is not both readable and writeable.
    </messagebody>
    <messagedetail>
      The specified file store primary or cache file or raw disk partition cannot be both 
      read and written.
    </messagedetail>
    <cause>
      The file permissions are incorrect, or the server is running under the
      wrong user ID.
    </cause>
    <action>
      Fix the file permissions or run the server under the correct user ID.
    </action>
  </logmessage>
  
  <logmessage messageid="280027" severity="error"
    retired="true"
    method="logMissingLogProperty(String propName)">
    <messagebody>
      The persistent store&apos;s log properties file is missing the required
      property &quot;{0}&quot;.
    </messagebody>
    <messagedetail>
      The specified property is missing from the properties file.
    </messagedetail>
    <cause>
      The file was created incorrectly, or the specified file is not the
      correct file.
    </cause>
    <action>
      Fix the file and restart the server.
    </action>
  </logmessage>
  
  <logmessage messageid="280028" severity="error"
    retired="true"
    method="logRecordHeaderTooLong(int max)">
    <messagebody>
      The header on a persistent store record is longer than the maximum of
      {0} bytes
    </messagebody>
    <messagedetail>
      The persistent store only allows the header to be a certain length.
    </messagedetail>
    <cause>
      Programming error.
    </cause>
    <action>
      Fix the code and try again.
    </action>
  </logmessage>
  
  <logmessage messageid="280029" severity="error"
    loggable="true"
    method="logStoreRecordNotFound(long id)">
    <messagebody>
      The store record {0} could not be found.
    </messagebody>
    <messagedetail>
      The specified record does not exist, or the transaction has not yet
      been committed.
    </messagedetail>
    <cause>
      This is caused by a programming error.
    </cause>
    <action>
      Ensure that the correct record ID was specified.
    </action>
  </logmessage>
  
  <logmessage messageid="280030" severity="error"
    retired="true"
    method="logInvalidHeaderLength(short goodLength, short badLength)">
    <messagebody>
      The persistent store record could not be updated because the original
      header was {0} bytes long and the new header is {1} bytes long
    </messagebody>
    <messagedetail>
      The persistent store requires that once a record is created with a 
      header, any &quot;update&quot; operations must replace the header with
      a header of the same length.
    </messagedetail>
    <cause>
      Programming error.
    </cause>
    <action>
      Fix the code and try again.
    </action>
  </logmessage>
  
  <logmessage messageid="280031" severity="error"
    loggable="true"
    method="logStoreNotOpen(String storeName)">
    <messagebody>
      The store named &quot;{0}&quot; has not yet been opened.
    </messagebody>
    <messagedetail>
      It is an error to call any methods on the store before it
      has been opened.
    </messagedetail>
    <cause>
      This is a programming error.
    </cause>
    <action>
      Fix the code and try again.
    </action>
  </logmessage>
  
  <logmessage messageid="280032" severity="error"
    loggable="true"
    method="logStoreFatalError()">
    <messagebody>
      The store suffered a fatal error and it must be reopened.
    </messagebody>
    <messagedetail>
      Once certain kinds of errors occur, the store must be closed
      and reopened to ensure that the data remains consistent.
    </messagedetail>
    <cause>
      A fatal error occurred previously.
    </cause>
    <action>
      Restart the server.
    </action>
  </logmessage>
  
  <logmessage messageid="280033" severity="info"
    retired="true"
    method="logConvertingOldRecords()">
    <messagebody>
      The persistent store found records from an older version of WebLogic Server.
      It is upgrading this data to a newer version.
    </messagebody>
    <messagedetail>
      When a file store from an older version of WebLogic Server is found,
      each record in that file store must be converted into a new format before
      the file store may be used.
    </messagedetail>
    <cause>
      This is a normal operation.
    </cause>
    <action>
      No action is required.
    </action>
  </logmessage>
  
  <logmessage messageid="280034" severity="info"
    retired="true"
    method="logDoneConvertingOldRecords(int count)">
    <messagebody>
      The persistent store converted {0} records from an older version.
    </messagebody>
    <messagedetail>
      When a file store from an older version of WebLogic Server is found,
      each record in that file store must be converted into a new format before
      the file store may be used. This message indicates that conversion is
      complete.
    </messagedetail>
    <cause>
      This is a normal operation.
    </cause>
    <action>
      No action is required.
    </action>
  </logmessage>
  
  <logmessage messageid="280035" severity="error"
    loggable="true"
    method="logCantAccessDirectory(String name)">
    <messagebody>
      Unable to access the store directory &quot;{0}&quot;.
    </messagebody>
    <messagedetail>
      The specified directory cannot be accessed. See the detail message for
      more information.
    </messagedetail>
    <cause>
      See the detail message.
    </cause>
    <action>
      Check that the specified path name is correct, that it exists, and that
      the directory is readable and writeable by the server&apos;s user ID.
    </action>
  </logmessage>
  
  <logmessage messageid="280036" severity="error"
    loggable="true"
    method="logMissingFile(String fileName, String dirName)">
    <messagebody>
      Missing the file store file &quot;{0}&quot; in the 
      directory &quot;{1}&quot;.
    </messagebody>
    <messagedetail>
      The file store was expecting to find the specified file, but it is
      not available.
    </messagedetail>
    <cause>
      The file has been accidentially deleted or moved, or the wrong directory
      name was specified, or the server process does not have permissions to
      read and write the file.
    </cause>
    <action>
      Ensure that the directory name is correct and that the server process
      has permissions to read and write the files. If necessary, create an
      empty file with the same name.
    </action>
  </logmessage>
  
  <logmessage messageid="280037" severity="error"
    loggable="true"
    method="logTooManyFilesCreated(int maxFiles)">
    <messagebody>
      The file store has reached the maximum number of {0} files and no
      more files can be created.
    </messagebody>
    <messagedetail>
      The file store has a maximum number of files allowed, and once this
      limit is reached, the store cannot hold any more data.
    </messagedetail>
    <cause>
      There are too many records in the store.
    </cause>
    <action>
      Delete data from the store and try again.
    </action>
  </logmessage>
  
  <logmessage messageid="280038" severity="error"
    loggable="true"
    method="logErrorFlushingFile()">
    <messagebody>
      An error occurred while flushing the contents of a file store file.
    </messagebody>
    <messagedetail>
      The flush operation on a file store file ensures that the data in the
      file is persistently written to disk. This operation failed. See the
      detail message for more information.
    </messagedetail>
    <cause>
      See the detail message.
    </cause>
    <action>
      See the detail message.
    </action>
  </logmessage>
  
  <logmessage messageid="280039" severity="error"
    loggable="true"
    method="logInvalidRecordHandle(long id)">
    <messagebody>
      The store handle {0} is not valid.
    </messagebody>
    <messagedetail>
      The specified store handle is not a valid handle because it
      was not actually generated by the store.
    </messagedetail>
    <cause>
      This is caused by a programming error.
    </cause>
    <action>
      Fix the code and try again.
    </action>
  </logmessage>
  
  <logmessage messageid="280040" severity="error"
    loggable="true"
    method="logInvalidStoreRecord(int code)">
    <messagebody>
      An invalid record was found in the store: Code={0}.
    </messagebody>
    <messagedetail>
      A record in the store was invalid, either becuse its header was
      not intact or because its checksum was invalid. The &quot;code&quot;
      may be used by Oracle Support to understand the exact problem.
    </messagedetail>
    <cause>
      The store has been corrupted, possibly by a hardware or operating system error.
    </cause>
    <action>
      For File store, Change the DirectIOMode or restore from backup if the problem persists.
    </action>
  </logmessage>
  
  <logmessage messageid="280041" severity="error"
    loggable="true"
    method="logInvalidStoreRecordVersion(int version)">
    <messagebody>
      A record was found in the store with an invalid version of {0}.
    </messagebody>
    <messagedetail>
      A record in the store was invalid because it contains an incorrect
      version number.
    </messagedetail>
    <cause>
      The store may have been used with an incompatible version of 
      WebLogic Server.
    </cause>
    <action>
      Restore from backup.
    </action>
  </logmessage>
  
  <logmessage messageid="280042" severity="error"
    loggable="true"
    method="logFileIsADirectory(String name)">
    <messagebody>
      The file store primary or cache file &quot;{0}&quot; cannot be opened because it is 
      actually a directory.
    </messagebody>
    <messagedetail>
      The file store is attempting to open files in its directory, but one
      of those files actually is a directory itself.
    </messagedetail>
    <cause>
      A directory was accidentially created in the file store&apos;s own
      main or cache directory, or the specified path is incorrect.
    </cause>
    <action>
      Check that the file store path is correct.
    </action>
  </logmessage>
  
  <logmessage messageid="280043" severity="error"
    retired="true"
    method="logFileAlreadyOpen(String name)">
    <messagebody>
      The file store file &quot;{0}&quot; cannot be opened because it is 
      already open.
    </messagebody>
    <messagedetail>
      The specified file has already been opened and cannot be reopened.
    </messagedetail>
    <cause>
      This is an internal programming error.
    </cause>
    <action>
      Contact My Oracle Support.
    </action>
  </logmessage>
  
  <logmessage messageid="280044" severity="error"
    loggable="true"
    method="logDirectoryNotFound(String name)">
    <messagebody>
      The file store directory &quot;{0}&quot; does not exist.
    </messagebody>
    <messagedetail>
      The persistent store cannot be opened because its directory does not
      exist.
    </messagedetail>
    <cause>
      The directory has not yet been created, or its filesystem is not 
      available.
    </cause>
    <action>
      Check that the directory path has been correctly specified, and create
      the directory if necessary.
    </action>
  </logmessage>
  
  <logmessage messageid="280045" severity="error"
    loggable="true"
    method="logDirectoryNotADirectory(String name)">
    <messagebody>
      The file store primary or cache directory &quot;{0}&quot; is not a directory.
    </messagebody>
    <messagedetail>
      The persistent store cannot be opened because its primary or cache directory is not
      actually a directory.
    </messagedetail>
    <cause>
      The directory has not yet been created, or its filesystem is not 
      available.
    </cause>
    <action>
      Check that the directory path has been correctly specified, remove any
      file or directory that already exists in its place, and create
      the directory if necessary.
    </action>
  </logmessage>
  
  <logmessage messageid="280046" severity="error"
    loggable="true"
    method="logNoAccessToDirectory(String name)">
    <messagebody>
      The directory &quot;{0}&quot; is not both readable and writeable.
    </messagebody>
    <messagedetail>
      The specified file store primary or cache directory cannot be both read and written.
    </messagedetail>
    <cause>
      The file permissions are incorrect, or the server is running under the
      wrong user ID.
    </cause>
    <action>
      Fix the file permissions or run the server under the correct user ID.
    </action>
  </logmessage>
  
  <logmessage messageid="280047" severity="error"
    retired="true"
    method="logFlushNotSupported()">
    <messagebody>
      The &quot;force&quot; operation is not supported on files on this system.
    </messagebody>
    <messagedetail>
      The file store must &quot;force&quot; or &quot;sync&quot; files on its
      filesystem in order to guarantee that they will survive a hardware or
      power failure. This operation is not supported on this system.
    </messagedetail>
    <cause>
      The specified operating system or filesystem may not be adequate for the
      requirements of WebLogic Server.
    </cause>
    <action>
      Contact My Oracle Support.
    </action>
  </logmessage>
  
  <logmessage messageid="280048" severity="error"
    retired="true"
    method="logCorruptionInHeapFile(String name, int position)">
    <messagebody>
      Corruption was detected in the heap file &quot;{0}&quot; at 
      position {1}. The corresponding file block will be zeroed out on disk, 
      and this corruption will not be reported in the future.
    </messagebody>
    <messagedetail>
      Invalid data was discovered in the heap, which is where the file store
      keeps long-running records. The corresponding file block will be zeroed 
      out on disk, and this corruption will not be reported in the future.
    </messagedetail>
    <cause>
      This may happen from time to time when the server is restarted after a
      catastrophic failure. In that case, the server will recover and its
      data will remain consistent.
    </cause>
    <action>
      Ensure that the hard disk drive is not failing. Also ensure that only one open JMS store 
      has access to the file. Ensure no other process is writing to the file. 
      Note that corrupted blocks are zeroed out and reused by the JMS store 
      after this log message is printed.
    </action>
  </logmessage>
  
  <logmessage messageid="280049" severity="error"
    retired="true"
    method="logMaxExtentSizeExceeded(long maxSize)">
    <messagebody>
      The maximum size of a log extent was exceeded. The maximum size is
      {0} bytes.
    </messagebody>
    <messagedetail>
      The persistent file store only supports log extent up to the specified
      maximum size.
    </messagedetail>
    <cause>
      Configuration error.
    </cause>
    <action>
      Reduce the maximum extent size and try again.
    </action>
  </logmessage>
  
  <logmessage messageid="280050" severity="info" retired="true"
    method="logIOInfo(String storeName, String dirName, String writePolicy, int blockSize, boolean directIO, String driverInfo)">
    <messagebody>
      Persistent store &quot;{0}&quot; opened: directory=&quot;{1}&quot; 
      writePolicy=&quot;{2}&quot; blockSize={3} directIO={4}
      driver=&quot;{5}&quot;
    </messagebody>
    <messagedetail>
      This is an informational message that describes the status of the 
      persistent store&apos;s data files. This information is useful when 
      performing performance tuning.
    </messagedetail>
    <cause>
      Normal operation.
    </cause>
    <action>
      No action required.
    </action>
  </logmessage>

  <logmessage messageid="280051" severity="error"
    loggable="true"
    method="logCreateFailed()">
    <messagebody>
      The store was not able to create a new record.
    </messagebody>
    <messagedetail>
      There may have been an error serializing the record.
    </messagedetail>
    <cause>
      This is an internal error.
    </cause>
    <action>
      Contact My Oracle Support.
    </action>
  </logmessage>

  <logmessage messageid="280052" severity="error"
    loggable="true"
    method="logReadFailed()">
    <messagebody>
      The store was not able to read a record.
    </messagebody>
    <messagedetail>
      There may have been an error deserializing the record.
    </messagedetail>
    <cause>
      This is an internal error.
    </cause>
    <action>
      Contact My Oracle Support.
    </action>
  </logmessage>

  <logmessage messageid="280053" severity="error"
    retired="true"
    method="logStoreClosed()">
    <messagebody>
      An attempt was made to use a closed store.
    </messagebody>
    <messagedetail>
      The store may not be used after close is called.
    </messagedetail>
    <cause>
      This is an internal error.
    </cause>
    <action>
      Contact My Oracle Support.
    </action>
  </logmessage>

  <logmessage messageid="280054" severity="error"
    retired="true"
    method="logStoreHasActiveConnections(int n, String s)">
    <messagebody>
      Cannot close store because there are currently {0} active 
      connections: {1}.
    </messagebody>
    <messagedetail>
      All connections created from a store must be closed before the store is
      closed.
    </messagedetail>
    <cause>
      This is an internal error.
    </cause>
    <action>
      Contact My Oracle Support.
    </action>
  </logmessage>

  <logmessage messageid="280055" severity="error"
    loggable="true"
    method="logInvalidWritePolicy(String s)">
    <messagebody>
      Invalid name for store write policy: &quot;{0}&quot;.
    </messagebody>
    <messagedetail>
      The legal write policy names are &quot;Cache-Flush&quot;, &quot;
      Direct-Write&quot;, and &quot;Disabled&quot;.
    </messagedetail>
    <cause>
      This is an internal error.
    </cause>
    <action>
      Contact My Oracle Support.
    </action>
  </logmessage>
  
  <logmessage messageid="280056" severity="error"
    method="logPersistentStoreException(String s)">
    <messagebody>
      A store error occurred: {0}
    </messagebody>
    <messagedetail>
      This message wraps a store exception that occurred elsewhere.
      See the description of the underlying exception, documented in this
      file, for more information.
    </messagedetail>
    <cause>
      See the description of the underlying exception.
    </cause>
    <action>
      See the description of the underlying exception
    </action>
  </logmessage>

  <logmessage messageid="280057" severity="error"
    loggable="true"
    method="logStoreAlreadyOpen(String storeName)">
    <messagebody>
      The store named &quot;{0}&quot; is already open.
    </messagebody>
    <messagedetail>
      It is an error to attempt to open a store twice.
    </messagedetail>
    <cause>
      This is a programming error.
    </cause>
    <action>
      Fix the code and try again.
    </action>
  </logmessage>
  
  <logmessage messageid="280058" severity="error"
    retired="true"
    method="logInvalidStoreName(String name)">
    <messagebody>
      &quot;{0}&quot; is not a valid store name.
    </messagebody>
    <messagedetail>
      Valid store names are restricted to valid java identifier characters or
      the &quot;.&quot; character.
    </messagedetail>
    <cause>
      This is caused by a programming error.
    </cause>
    <action>
      Fix the code and try again.
    </action>
  </logmessage>
  
  <logmessage messageid="280059" severity="error"
    loggable="true"
    method="logInvalidStoreConnectionName(String name)">
    <messagebody>
      &quot;{0}&quot; is not a valid store connection name.
    </messagebody>
    <messagedetail>
      Valid store connection names are restricted to valid java identifier 
      characters or the &quot;.&quot; character.
    </messagedetail>
    <cause>
      This is a programming error.
    </cause>
    <action>
      Fix the code and try again.
    </action>
  </logmessage>
  
   <logmessage messageid="280060" severity="emergency" stacktrace="true"
     method="logFatalExceptionEncountered(String name, String message, Throwable stack)">
     <messagebody>
       The store &quot;{0}&quot; encountered a fatal error, and it 
       must be shut down: {1} 
     </messagebody>
     <messagedetail>
       This message is logged when the store encounters an error from which it
       cannot recover. This happens in the case of certain I/O errors, 
       when the store must be restarted so that it can determine the
       status of all persistent data.
     </messagedetail>
     <cause>
       There was a serious I/O error, either with file I/O, replicated store IO or the JDBC 
       connection to the database.
     </cause>
     <action>
       Restart the server.
     </action>
   </logmessage>
  
   <logmessage messageid="280061" severity="error" stacktrace="true"
     method="logStoreDeploymentFailed(String name, String msg, Throwable t)">
     <messagebody>
       The store &quot;{0}&quot; could not be deployed: {1}
     </messagebody>
     <messagedetail>
       The store could not be deployed. See the detail message for
       information about the cause of the failure.
     </messagedetail>
     <cause>
       See the detail message.
     </cause>
     <action>
       See the detail message.
     </action>
   </logmessage>
   
   <logmessage messageid="280062" severity="warning" stacktrace="true"
     method="logStoreShutdownFailed(String name, String msg, Throwable t)">
     <messagebody>
       The store &quot;{0}&quot; could not be shut down: {1}
     </messagebody>
     <messagedetail>
       The store could not be shut down. See the detail message for
       information about the cause of the failure.
     </messagedetail>
     <cause>
       See the detail message.
     </cause>
     <action>
       See the detail message.
     </action>
   </logmessage>

   <logmessage messageid="280063" severity="error" stacktrace="false"
      loggable="true"
      method="logInvalidTableReference(String type, String val, String tableRef,  int maxLength)"
      >
      <messagebody>
         The &quot;{0}&quot; field value &quot;{1}&quot; in table reference &quot;{2}&quot; (format [[[catalog.]schema.]table) is too long. The database supports a maximum length of &quot;{3}&quot; for this field.
      </messagebody>
      <messagedetail>
         Databases have limits on the length of identifiers.
      </messagedetail>
      <cause>
         This is a configuration error.
      </cause>
      <action>
         When configuring a table name, choose a shorter name for the indicated field. Note that JDBC stores automatically append &quot;WLStore&quot; to the table name.
      </action>
   </logmessage>

   <logmessage messageid="280064" severity="error" stacktrace="false"
      loggable="true"
      method="logJDBCStoreException(String exceptionText, String serverName, String storeName, String tableRef)"
      >
      <messagebody>
         {0} (server=&quot;{1}&quot; store=&quot;{2}&quot; table=&quot;{3}&quot;)
      </messagebody>
      <messagedetail>
         An error occurred and an exception was generated by the named JDBC store.
      </messagedetail>
      <cause>
         See the exception text and the linked exception (if one exists).
      </cause>
      <action>
         See the exception text and the linked exception (if one exists).
      </action>
   </logmessage>

   <logmessage messageid="280065" severity="error" stacktrace="false"
      loggable="true"
      method="logWrappedJDBCStoreException(String exceptionText, String serverName, String storeName, String tableRef, String rootCauseText)"
      >
      <messagebody>
         {0} (server=&quot;{1}&quot; store=&quot;{2}&quot; table=&quot;{3}&quot;):(Linked Cause, &quot;{4}&quot;)
      </messagebody>
      <messagedetail>
         An error occurred and an exception was thrown from the named JDBC store.
      </messagedetail>
      <cause>
         See the exception text and the linked exception text.
      </cause>
      <action>
         See the exception text and the linked exception text.
      </action>
   </logmessage>

   <logmessage messageid="280066" severity="error" stacktrace="false"
      loggable="true"
      method="logInvalidTableReference2(String tableRef)"
      >
      <messagebody>
         Empty field value in table reference &quot;{0}&quot; (format [[[catalog.]schema.]table).
      </messagebody>
      <messagedetail>
         The location of the JDBC table has been configured incorrectly.
      </messagedetail>
      <cause>
         This is a configuration error.
      </cause>
      <action>
         Ensure that the entire table reference is blank, or that the table field is not blank. If there is no schema, make sure there are no periods &quot;.&quot; in the table reference. Do not start the table reference with a period &quot;.&quot;. Note that JDBC stores automatically append &quot;WLStore&quot; to table references.
      </action>
   </logmessage>

   <logmessage messageid="280067" severity="notice" stacktrace="false"
      method="logJDBCStoreTableCreateSuccess(String storeName, String tableRef, String fileName)"
      >
      <messagebody>
         JDBC store &quot;{0}&quot; did not find a database table at &quot;{1}&quot;, so it created one using the commands in file &quot;{2}&quot;.
      </messagebody>
      <messagedetail>
         The first time a JDBC store boots, it creates a table in the database for data storage. The commands it uses to create this table are database specific, and are stored in the indicated file. If the indicated file was administratively configured, the JDBC store first searches for it in the file path, then in the java classpath. If the indicated file was not administratively configured then the JDBC store generated the file name based on the database vendor name, and located the default version of the file in the java class path (default files are stored in the weblogic.jar under weblogic/store/io/jdbc/ddl/).
      </messagedetail>
      <cause>
         The JDBC store did not find its backing table, so it created one.
      </cause>
      <action>
         No action is required.
      </action>
   </logmessage>

   <logmessage messageid="280068" severity="error" stacktrace="false"
      loggable="true"
      method="logJDBCStoreTableCreateFailed(String fileName)"
      >
      <messagebody>
         JDBC store failed to initialize. It did not find its database table and failed trying to create a new empty table using the commands in file &quot;{0}&quot;.
      </messagebody>
      <messagedetail>
         The first time a JDBC store boots, it creates a table in the database for data storage. The commands it uses to create this table are database specific, and are stored in the indicated file. If the indicated file was administratively configured, the JDBC store first searches for it in the file path, then in the java classpath. If the indicated file was not administratively configured, then the JDBC store generated the file name based on the database vendor name, and located the default version of the file in the java class path (default files are stored in the weblogic.jar under weblogic/store/io/jdbc/ddl/).
      </messagedetail>
      <cause>
         See the linked exception text and the linked exception stack trace.
      </cause>
      <action>
         See the linked exception text and the linked exception stack trace.
      </action>
   </logmessage>

   <logmessage messageid="280069" severity="error" stacktrace="false"
      loggable="true"
      method="logJDBCStoreCreateUnknownDatabase(String databaseProduct, String databaseDriver)"
      >
      <messagebody>
         JDBC store failed to initialize. It did not find an already existing database table and failed to create a new empty table because the JDBC driver is unknown and/or unsupported. To force table creation with an unknown and/or unsupported driver, see the JDBC store &quot;CreateTableDDLFile&quot; configuration attribute. Driver information:  database product name = &quot;{0}&quot;, driver name = &quot;{1}&quot;.
      </messagebody>
      <messagedetail>
         The first time a JDBC store boots, it creates a table in the database for data storage. The commands it uses to create this table are database-specific, and are stored in a text file (termed a DDL file). If the DDL file location was administratively configured, the JDBC store first searches for it in the file path, then in the java classpath. If the DDL file location was not administratively configured, then the JDBC store generated the file name based on the database vendor name, and searches for the default version of the file in the java class path (default files are stored in the weblogic.jar under weblogic/store/io/jdbc/ddl/).
      </messagedetail>
      <cause>
         See the exception text and the exception stack trace.
      </cause>
      <action>
         See the text exception text and the exception stack trace.
      </action>
   </logmessage>

   <logmessage messageid="280070" severity="error" stacktrace="true"
      loggable="true"
      method="logJDBCStoreCreateDDLFileNotFound(String filename)"
      >
      <messagebody>
         JDBC store failed to initialize. It did not find an already existing database table and failed to create a new empty table because it could not locate the configured DDL file &quot;{0}&quot;.
      </messagebody>
      <messagedetail>
         The first time a JDBC store boots, it creates a table in the database for data storage. The commands it uses to create this table are database-specific, and are stored in a text file (termed a DDL file). If the DDL file locatiion was administratively configured, the JDBC store first searches for it in the file path, then in the java classpath. If the DDL file location was not administratively configured, then the JDBC store generated the file name based on the database vendor name, and searches for the default version of the file in the java class path (default files are stored in the weblogic.jar under weblogic/store/io/jdbc/ddl/).
      </messagedetail>
      <cause>
         The configured file is located in the server file path.
      </cause>
      <action>
         For supported databases, consider the option of not configuring a custom DDL file. There is usually no need to configure a custom DDL file unless custom database-specific tuning commands have been added to the file. If a DDL file must be configured (perhaps because it is for an unsupported database), ensure that the configured file is located either in the server file path or server class path.
      </action>
   </logmessage>

   <logmessage messageid="280071" severity="info" stacktrace="false"
       method="logJDBCStoreOpened(String storeName, String tableRef, long recordCount)"
      >
      <messagebody>
         JDBC store &quot;{0}&quot; opened table &quot;{1}&quot; and loaded {2,choice,0#0 records|1#1 record|2#{0} records}. For additional JDBC store information, use the  diagnostics framework while the JDBC store is open.
      </messagebody>
      <messagedetail>
         For additional JDBC store information, use the diagnostics framework while the JDBC store is open.
      </messagedetail>
      <cause>
        A JDBC store booted.
      </cause>
      <action>
        No action is required.
      </action>
   </logmessage>

   <logmessage messageid="280072" severity="error" stacktrace="true"
       method="logJDBCStoreOpenFailed(String storeName, String tableRef, Throwable t)"
      >
      <messagebody>
         JDBC store &quot;{0}&quot; failed to open table &quot;{1}&quot;.  
      </messagebody>
      <messagedetail>
         A JDBC store failed to open. Any resources that depend on this store
         will also fail to open.
      </messagedetail>
      <cause>
         See the linked exception. 
      </cause>
      <action>
         See the linked exception. 
      </action>
   </logmessage>
   
   <logmessage messageid="280073" severity="error" stacktrace="false"
    loggable="true"
    method="logInvalidFileVersion(String name, int versionFound, int versionExpected)"
   >
    <messagebody>
      The file store &quot;{0}&quot; could not be opened because it contained
      a file with an invalid version {1}. A file of version {2} was expected.
    </messagebody>
    <messagedetail>
      The file store could not be opened because a file was found that was not
      the proper version.
    </messagedetail>
    <cause>
      The file store has not been properly upgraded from a previous version of
      WebLogic Server, or the file has been corrupted on the disk.
    </cause>
    <action>
      Ensure that the file store was upgraded using the weblogic.Upgrade tool.
    </action>
  </logmessage>

   <logmessage messageid="280074" severity="error" stacktrace="true"
    method="logUnresolvableTransaction(String name, String xid, Throwable t)"
   >
     <messagebody>
       The store &quot;{0}&quot; encountered an unresolvable failure while processing transaction &quot;{1}&quot;. Shut down and restart to resolve this transaction. {2}
     </messagebody>
     <messagedetail>
       This message is logged when the store encounters an error from which it cannot recover while processing a transaction. In most cases, this happens in the case of certain I/O errors, when the store must be restarted so that it can determine the status of transaction&quot;s persistent data.
     </messagedetail>
     <cause>
       There was a serious I/O error, either with file I/O, replicated I/O or the JDBC connection to the database, or an unexpected exception occurred while processing a transaction.
     </cause>
     <action>
       Restart the server.
     </action>
  </logmessage>

  <logmessage messageid="280075" severity="error" stacktrace="true"
       method="logJDBCStoreTableOwnershipRefreshFailed(String storeName, String tableRef, Throwable t)"
      >
      <messagebody>
         JDBC store &quot;{0}&quot; failed to retain ownership of database table &quot;{1}&quot;, either due to database access problems or due to concurrent accessors of the table. See the linked exception for more information.
      </messagebody>
      <messagedetail>
         A JDBC store failed to retain ownership of the database table. The JDBC store will be closed.
      </messagedetail>
      <cause>
        Some other WebLogic server process or JDBC store has taken over ownership of the database table, or some database access error prevented this JDBC store from renewing ownership of the database table.
      </cause>
      <action>
        The error message has information to identify potential owners in conflict.
      </action>
   </logmessage>

  <logmessage messageid="280076" severity="warning" stacktrace="false"
       method="logJDBCStoreTableOwnershipWait(String storeName, String tableRef, String currentOwner)"
      >
      <messagebody>
         Database table &quot;{1}&quot; for store &quot;{0}&quot; is currently owned by &quot;{2}&quot;. Trying to wait for ownership.
      </messagebody>
      <messagedetail>
         A JDBC store failed to get ownership of the database table.
      </messagedetail>
      <cause>
        Some other WebLogic Server process or JDBC store has ownership of the database table.
      </cause>
      <action>
        The warning message has information to identify the current owner of the database table. If the current owner does not yield ownership within some time, this server will not be able to open the JDBC store and will log an error.
      </action>
   </logmessage>
   
  <logmessage messageid="280077" severity="error" stacktrace="false"
       method="logJDBCStoreTableUnexpectedOwner(String storeName, String tableRef, String currOwner, String me)"
      >
      <messagebody>
         JDBC store &quot;{0}&quot; in this server is not the owner of database table &quot;{1}&quot;. Unexpected current owner is &quot;{2}&quot;, expected current owner is &quot;{3}&quot;. 
      </messagebody>
      <messagedetail>
         A JDBC store in a server encountered an unexpected owner of the database table.
      </messagedetail>
      <cause>
        Some other WebLogic Server process or JDBC store has ownership of the database table.
      </cause>
      <action>
        The error message has information to identify and resolve the owners in conflict.
      </action>
   </logmessage>

  <logmessage messageid="280078" severity="error"
    loggable="true"
    method="logWrongConnectionForHandle()">
    <messagebody>
      The handle that was passed was created from a different store connection.
    </messagebody>
    <messagedetail>
      Only the store connection that creates a PersistentHandle is capable
      of performing further operations on the handle.
    </messagedetail>
    <cause>
      This is a programming error.
    </cause>
    <action>
      Ensure that the correct connection was used.
    </action>
  </logmessage>

  <logmessage
     messageid="280079"
     severity="info"
     loggable="true"
     method="getStoreDescription()">
     <messagebody>
       An instance of the mSA PersistentStore
     </messagebody>
     <messagedetail/>
     <cause/>
     <action/>
  </logmessage>

  <logmessage
     messageid="280080"
     severity="info"
     loggable="true"
     method="getStoreCreateCountAttribute()">
     <messagebody>
       Number of create requests issued by this store.
     </messagebody>
     <messagedetail/>
     <cause/>
     <action/>
  </logmessage>

  <logmessage
     messageid="280081"
     severity="info"
     loggable="true"
     method="getStoreReadCountAttribute()">
     <messagebody>
       Number of read requests issued by this store.
     </messagebody>
     <messagedetail/>
     <cause/>
     <action/>
  </logmessage>

  <logmessage
     messageid="280082"
     severity="info"
     loggable="true"
     method="getStoreUpdateCountAttribute()">
     <messagebody>
       Number of update requests issued by this store.
     </messagebody>
     <messagedetail/>
     <cause/>
     <action/>
  </logmessage>

  <logmessage
     messageid="280083"
     severity="info"
     loggable="true"
     method="getStoreDeleteCountAttribute()">
     <messagebody>
       Number of delete requests issued by this store.
     </messagebody>
     <messagedetail/>
     <cause/>
     <action/>
  </logmessage>

  <logmessage
     messageid="280084"
     severity="info"
     loggable="true"
     method="getStoreObjectCountAttribute()">
     <messagebody>
       Number of objects contained in the store.
     </messagebody>
     <messagedetail/>
     <cause/>
     <action/>
  </logmessage>
  
  <logmessage
     messageid="280085"
     severity="info"
     loggable="true"
     method="getStorePhysicalWriteCountAttribute()">
     <messagebody>
       Number of times the store flushed its data to durable storage.
     </messagebody>
     <messagedetail/>
     <cause/>
     <action/>
  </logmessage>

  <logmessage
     messageid="280086"
     severity="info"
     loggable="true"
     method="getStoreConnectionDescription()">
     <messagebody>
       An instance of an mSA PersistentStoreConnection
     </messagebody>
     <messagedetail/>
     <cause/>
     <action/>
  </logmessage>

  <logmessage
     messageid="280087"
     severity="info"
     loggable="true"
     method="getStoreConnectionCreateCountAttribute()">
     <messagebody>
       Number of create requests issued by this store connection.
     </messagebody>
     <messagedetail/>
     <cause/>
     <action/>
  </logmessage>

  <logmessage
     messageid="280088"
     severity="info"
     loggable="true"
     method="getStoreConnectionReadCountAttribute()">
     <messagebody>
       Number of read requests issued by this store connection.
     </messagebody>
     <messagedetail/>
     <cause/>
     <action/>
  </logmessage>

  <logmessage
     messageid="280089"
     severity="info"
     loggable="true"
     method="getStoreConnectionUpdateCountAttribute()">
     <messagebody>
       Number of update requests issued by this store connection.
     </messagebody>
     <messagedetail/>
     <cause/>
     <action/>
  </logmessage>

  <logmessage
     messageid="280090"
     severity="info"
     loggable="true"
     method="getStoreConnectionDeleteCountAttribute()">
     <messagebody>
       Number of delete requests issued by this store connection.
     </messagebody>
     <messagedetail/>
     <cause/>
     <action/>
  </logmessage>

  <logmessage
     messageid="280091"
     severity="info"
     loggable="true"
     method="getStoreConnectionObjectCountAttribute()">
     <messagebody>
       Number of objects contained in the store connection.
     </messagebody>
     <messagedetail/>
     <cause/>
     <action/>
  </logmessage>
  
  <logmessage
     messageid="280092"
     severity="warning"
     method="logInvalidIntegerProperty(String propName, String propValue, int default)">
     <messagebody>
       Specified value &quot;{1}&quot; of the property &quot;{0}&quot; is not a valid Integer system property. Using default value &quot;{2}&quot; instead.
     </messagebody>
     <messagedetail/>
     <cause>
	   The specified value is not valid.
	 </cause>
     <action>
       Check the Javadoc for the valid formats of Integer system properties: http://java.sun.com/j2se/1.5.0/docs/api/java/lang/Integer.html#decode(java.lang.String).
     </action>
  </logmessage>
  
  <logmessage
     messageid="280093"
     severity="warning"
     method="logOutOfBlockSizeRange(String propName, int val, int minBlockSize, int maxBlockSize, int default)">
     <messagebody>
       Block size &quot;{1}&quot; specified by the property {0} is outside the valid range from {2} to {3}. Using default value &quot;{2}&quot; instead.
     </messagebody>
     <messagedetail/>
	 <cause>
	   The specified block size is outside the valid range.
     </cause>
     <action>
       Refer to the JMS chapter of the Performance and Tuning for Oracle WebLogic Server guide for details of this setting. 
     </action>
  </logmessage>
  
  <logmessage
     messageid="280094"
     severity="warning"
     method="logSizeNotPowerOfTwo(String propName, int val, int newSize)">
     <messagebody>
       The size &quot;{1}&quot; specified by the property {0} is not power of 2. Rounding down to &quot;{2}&quot; instead.
     </messagebody>
     <messagedetail/>
	 <cause>
	    The specified size is not a power of 2.
     </cause>
     <action>
       Refer to the Tuning WebLogic JMS chapter of the Tuning Performance of Oracle WebLogic Server guide for details of this setting. 
     </action>
  </logmessage>
  
  <logmessage
     messageid="280095"
     severity="warning"
     method="logBlockSizeIgnored(String propName, String fileStore)">
     <messagebody>
       Opening existing file store &quot;{1}&quot;. The block size value specified by the property {0} is ignored because the block size of preexisting files cannot change.
     </messagebody>
     <messagedetail/>
	 <cause>
	   The block size value cannot be changed.
     </cause>
     <action>
       Refer to the Tuning WebLogic JMS chapter of the Tuning Performance of Oracle WebLogic Server guide for details of this setting. 
     </action>
  </logmessage>
  
  <logmessage
     messageid="280096"
     severity="warning"
     method="logInvalidDirectModeIgnored(String propName, String val, String fileStore, String default)">
     <messagebody>
       Opening existing store &quot;{2}&quot;. The direct IO mode &quot;{1}&quot; specified by the property &quot;{0}&quot; is invalid and will be ignored. Using the default value &quot;{3}&quot;
     </messagebody>
     <messagedetail/>
     <cause/>
     <action>
       Use a valid direct I/O mode. The valid values are: &quot;read-buffered&quot;, &quot;single-handle-unbuffered&quot;, and &quot;single-handle-buffered&quot;. 
     </action>
  </logmessage>

  <logmessage
     messageid="280097"
     severity="warning"
     stacktrace="true"
     method="logDualHandleOpenFailed(String fileName, Throwable e)">
     <messagebody>
       A file store failed to open file &quot;{0}&quot; in the Direct-Write
       read-buffered/write-unbuffered mode and is instead opening the file
       in a purely unbuffered mode. When there are high request loads, this
       may reduce file store performance. However, the store is still operating
       in a transactionally safe synchronous mode.
     </messagebody>
     <messagedetail/>
     <cause/>
     <action>
       To fix this problem, configure a different synchronous write policy, or
       if using the Direct-Write policy, force the store into
       read-write-buffered mode using the AvoidDirectIO command line
       property documented in the Tuning JMS Store-and-forward chapter of the
       Tuning Performance of WebLogic Server guide.
     </action>
  </logmessage>
  <logmessage
     messageid="280098"
     severity="warning"
     retired="true"
     method="logInvalidLongProperty(String propName, String propValue, long default)">
     <messagebody>
       Specified value &quot;{1}&quot; of the property &quot;{0}&quot; is not a valid Long system property. Using default value &quot;{2}&quot; instead.
     </messagebody>
     <messagedetail/>
     <cause/>
     <action>
       Check the Javadoc for the valid formats of Long system properties: http://java.sun.com/j2se/1.5.0/docs/api/java/lang/Long.html#decode(java.lang.String).
     </action>
  </logmessage>
  <logmessage
     messageid="280099"
     severity="warning"
     retired="true"
     method="logCheckAlignmentFailed(String storeName)">
     <messagebody>
     </messagebody>
     <messagedetail/>
     <cause/>
     <action>
     </action>
  </logmessage>
  <logmessage
     messageid="280100"
     severity="warning"
     retired="true"
     method="logLastRecoveryTimeUpdateFailed(String fileName)">
     <messagebody>
     </messagebody>
     <messagedetail/>
     <cause/>
     <action>
     </action>
  </logmessage>
  <logmessage messageid="280101" severity="info"
    retired="false"
    method="logWritePolicyDowngraded(String storeName)">
    <messagebody>
       The persistent file store &quot;{0}&quot; is forced to use buffered I/O
      because the Operating System or hardware environment does not support unbuffered I/O. 
      The store is still operating in a transactionally safe synchronous mode.
      See store open log messages for the final write policy. 
    </messagebody>
    <messagedetail/>
    <cause>
      See the message body.
    </cause>
    <action>
      Refer to the documentation for information about the store synchronous write policy configuration.
    </action>
  </logmessage>
  <logmessage messageid="280102" severity="warning"
    retired="false"
    method="logCacheSignatureVerificationFailed(String storeName, String file, String cache)">
    <messagebody>
      The perisistent file store &quot;{0}&quot; must reinitialize its cache:  recovery
      may take longer than usual. The signature in the cache
      file &quot;{2}&quot; for the persistent store file
      &quot;{1}&quot; could not be verified, or the cache file is missing.
      Ignore this Warning if this is the first time the store has ever
      booted. Possible causes include: first boot of store (potentially
      after using a write policy different from Direct-Write-With-Cache), store
      migration, unclean shutdown, off-line store compression, and
      manual removal of cache files.
    </messagebody>
    <messagedetail/>
    <cause>
      The cache file is missing, or the signature stored in the cache file does not match the signature of the primary file.
    </cause>
    <action>
      Make sure that the configuration is correct, do not delete cache files, and ensure a clean shutdown.
    </action>
  </logmessage>
  
  <logmessage messageid="280103" severity="info"
    retired="false"
    method="logCacheInfo(String store, String cache)">
    <messagebody>
      The persistent file store &quot;{0}&quot; will cache in {1}.
    </messagebody>
    <messagedetail/>
    <cause>
      This is an informational message.
    </cause>
    <action>
      No action is required.
    </action>
  </logmessage>
  <logmessage messageid="280104" severity="warning"
    retired="false"
    method="logIncompatibleDirectIOAlignment(String store, int alignment, int blockSize)">
    <messagebody>
       The persistent file store &quot;{0}&quot; will use buffered
      writes instead of direct IO because the configured block size &quot;{2}&quot;
      is not a multiple of the environment&apos;s direct IO alignment &quot;{1}&quot;.
      When there are high request loads, this may reduce file store performance.
      The store is still operating in a transactionally safe synchronous mode.
    </messagebody>
    <messagedetail/>
    <cause>
      Direct I/O requires the block size to be a multiple of directIO granularity.
    </cause>
    <action>
      Reconfigure the store with a block size that is a multiple
      of the direct I/O alignment for your environment. If the store is
      not empty and contains useful data, use the store administration compact
      utility to change block size, otherwise make sure that all storage
      areas are removed before starting WebLogic Server again.
    </action>
  </logmessage>
  
  <logmessage messageid="280105" severity="error"
    retired="false"
    loggable="true"
    method="logFileOpenError(String store, String file)">
    <messagebody>
      The persistent file store &quot;{0}&quot; cannot open file {1}.
    </messagebody>
    <messagedetail/>
    <cause>
      An IOException occurred.
    </cause>
    <action>
      No action is required.
    </action>
  </logmessage>
  <logmessage messageid="280106" severity="error"
    retired="false"
    stacktrace="true"
    method="logFileMappingError(String store, String file, Throwable t)">
    <messagebody>
      The persistent file store &quot;{0}&quot; cannot memory-map the locked file &quot;{1}&quot; 
      and has to downgrade to explicit buffered IO. For example, in some NFS environments memory-mapping and locking are not compatible. Consider configuring a local cache directory.
    </messagebody>
    <messagedetail/>
    <cause>
      See the message body.
    </cause>
    <action>
      Consult your storage vendor and operating system documentation.
    </action>
  </logmessage>
  
   <logmessage messageid="280107" severity="error"
    loggable="true"
    method="logStoreRecordAlreadyDeleted(long id, String connection, String store)">
    <messagebody>
      The store record {0}, connection &quot;{1}&quot;, in the store named &quot;{2}&quot; does not exist because it has been deleted.
    </messagebody>
    <messagedetail>
      The store record {0}, connection &quot;{1}&quot;, in the store named &quot;{2}&quot; does not exist because it has been deleted.
    </messagedetail>
    <cause>
      This was caused by a programming error.
    </cause>
    <action>
      Ensure that the correct record ID was specified.
    </action>
  </logmessage>
  
  <logmessage messageid="280108" severity="error"
    loggable="true"
    method="logStoreRecordAlreadyExists(long id, String connection, String store)">
    <messagebody>
      The store record {0}, connection &quot;{1}&quot; already exists in the store named &quot;{2}&quot;.
    </messagebody>
    <messagedetail>
      The store record {0}, connection &quot;{1}&quot; already exists in the store named &quot;{2}&quot;.
    </messagedetail>
    <cause>
      This was caused by a programming error.
    </cause>
    <action>
      Ensure that the correct record ID was specified.
    </action>
  </logmessage>

  <logmessage messageid="280109" severity="warning"
    retired="false"
    method="logNativeDriverLoadFailure(String storeName)">
    <messagebody>
      The JVM was unable to load the native wlfileio library for the store &quot;{0}&quot;.   
      File and paging stores will continue to function correctly.   Specifically, file stores 
      that are configured with a transactionally safe synchronous write policy will continue 
      to operate safely and transactionally but may open with a different write-policy.   
      Other store types may not be able to open.
    </messagebody>
    <messagedetail/>
    <cause>
      See the message body.
    </cause>
    <action>
      See file store open log messages for the requested and final file store write policies.   
      See the documentation for file store synchronous write policy configuration.
    </action>
  </logmessage>

  <logmessage
      messageid="280110" severity="info"
      method="logInfoAttributeChanged(String arg01, String attr, long old, long new)"
      stacktrace="false"
      >
      <messagebody>
         The &quot;{1}&quot; attribute of Store &quot;{0}&quot; has been changed from &quot;{2}&quot; to &quot;{3}&quot;.
      </messagebody>
      <messagedetail>
         The &quot;{1}&quot; attribute of Store &quot;{0}&quot; has been changed from &quot;{2}&quot; to &quot;{3}&quot;.
      </messagedetail>
      <cause>
         This is due to a configuration change.
      </cause>
      <action>
         No action is required.
      </action>
   </logmessage>
   
   <logmessage
      messageid="280111" severity="info"
      method="logInfoStringAttributeChanged(String arg01, String attr, String old, String new)"
      stacktrace="false"
      >
      <messagebody>
         The &quot;{1}&quot; attribute of Store &quot;{0}&quot; has been changed from &quot;{2}&quot; to &quot;{3}&quot;.
      </messagebody>
      <messagedetail>
         The &quot;{1}&quot; attribute of Store &quot;{0}&quot; has been changed from &quot;{2}&quot; to &quot;{3}&quot;.
      </messagedetail>
      <cause>
         This is due to a configuration change.
      </cause>
      <action>
         No action is required.
      </action>
   </logmessage>

  <logmessage messageid="280112" severity="warning"
    method="logStoreJDBCIgnoreAssertionError(String store, int type, int handle, int row)">
    <messagebody>
      [StoreBootOnError] "{0}" Ignoring AssertionError on bootHandle: record type: {1}, handle:{2}, row: {3}
    </messagebody>
    <messagedetail>
      System property "weblogic.store.StoreBootOnError" is enabled, skipping over invalid store record on boot. 
    </messagedetail>
    <cause>
      There is some corruption of the JDBC store. 
    </cause>
    <action>
      Contact My Oracle Support. 
    </action>
  </logmessage>

   <logmessage messageid="280113" severity="info" stacktrace="false"
       method="logJDBCStoreInitialRACInstance(String storeName, String racInstance)"
      >
      <messagebody>
         The JDBC store &quot;{0}&quot; is initially pointing to RAC instance &quot;{1}&quot;.
      </messagebody>
      <messagedetail>
      </messagedetail>
      <cause>
      </cause>
      <action>
      </action>
   </logmessage>

   <logmessage messageid="280114" severity="info" stacktrace="false"
       method="logJDBCStoreNotEnoughConnection(String storeName, int configured, int real)"
      >
      <messagebody>
         The JDBC store &quot;{0}&quot; is configured with worker count as &quot;{1}&quot; but only started &quot;{2}&quot; workers as it is not able to acquire enough JDBC connections for the configured worker count.
      </messagebody>
      <messagedetail>
      </messagedetail>
      <cause>
        The JDBC store was not able to acquire enough JDBC connections for the configured worker count.
      </cause>
      <action>
        Modify the data source configuration. 
      </action>
   </logmessage>

   <logmessage messageid="280115" severity="info" stacktrace="false"
       method="logReplicatedStoreMemoryUsageInfo(String storeName, int usage)"
      >
      <messagebody>
         Replicated store &quot;{0}&quot;: the daemon is approaching its shared memory limit and the store itself has used up to &quot;{1}%&quot; of its shared memory.
      </messagebody>
      <messagedetail>
      </messagedetail>
      <cause>
      </cause>
      <action>
        No action is required.
      </action>
   </logmessage>

   <logmessage messageid="280116" severity="warning" stacktrace="false"
       method="logReplicatedStoreMemoryUsageWarning(String storeName, int usage)"
      >
      <messagebody>
         Replicated store &quot;{0}&quot;: the daemon is approaching its shared memory limit and the store itself has used up to &quot;{1}%&quot; of its shared memory. It will reject new JMS persistent messages.
      </messagebody>
      <messagedetail>
      </messagedetail>
      <cause>
      </cause>
      <action>
        Check if there are things that need to be cleaned up, for example, abandoned durable subscriptions. Consider restarting the daemon with a bigger limit.
      </action>
   </logmessage>

   <logmessage messageid="280117" severity="info" stacktrace="false"
       method="logReplicatedStoreDaemonMemoryUsageInfo(String storeName, int usage)"
      >
      <messagebody>
         Replicated store &quot;{0}&quot;: the daemon has used up to &quot;{1}%&quot; of its shared memory limit.
      </messagebody>
      <messagedetail>
      </messagedetail>
      <cause>
      </cause>
      <action>
        No action is required.
      </action>
   </logmessage>

   <logmessage messageid="280118" severity="warning" stacktrace="false"
       method="logReplicatedStoreDaemonMemoryUsageWarning(String storeName, int usage)"
      >
      <messagebody>
         Replicated store &quot;{0}&quot;: the daemon has used up to &quot;{1}%&quot; of its shared memory limit. It may take actions, including rejecting new JMS persistent messages or failing on creating any new stores or opening any recovered stores.
      </messagebody>
      <messagedetail>
      </messagedetail>
      <cause>
      </cause>
      <action>
        Check whether there are things that need to be cleaned up, for example, abandoned durable subscriptions. Consider restarting the daemon with a bigger limit.
      </action>
   </logmessage>

   <logmessage messageid="280119" severity="error" stacktrace="false"
       method="logReplicatedStoreDaemonMemoryUsageError(String storeName, int usage)"
      >
      <messagebody>
         Replicated store &quot;{0}&quot;: the daemon used up to &quot;{1}%&quot; of its shared memory limit. It will fail when creating new stores or opening any recovered store.
      </messagebody>
      <messagedetail>
      </messagedetail>
      <cause>
      </cause>
      <action>
        Check whether there are things that need to be cleaned up, for example, abandoned durable subscriptions. Consider restarting the daemon with a bigger limit.
      </action>
   </logmessage>
   
   <logmessage messageid="280120" severity="info"
    retired="false"
    method="logOpeningReplicatedStore(String storeName, String regionName, String directoryName, String driver)">
    <messagebody>
      Opening the Replicated store &quot;{0}(Region Name={1})&quot; for recovery: directory={2} driver=&quot;{3}&quot;.
    </messagebody>
    <messagedetail>
      The replicated store is scanning its log and regions in order to
      reconstruct its state at the last time it was running.
    </messagedetail>
    <cause>
      This is an informational message.
    </cause>
    <action>
      No action is required.
    </action>
  </logmessage>
  
  <logmessage messageid="280121" severity="info"
    retired="false"
    method="logReplicatedStoreOpened(String storeName, String regionName, String uuid, int blockSize, int numRecs)">
    <messagebody>
      The Replicated store &quot;{0}(Region Name={1})&quot; ({2}) has been opened: blockSize={3} records={4}.
    </messagebody>
    <messagedetail>
      The replicated store has scanned its regions and recovered its state as it was at
      the last time that it was running.
    </messagedetail>
    <cause>
      This is an informational message.
    </cause>
    <action>
      No action is required.
    </action>
  </logmessage>
  
  <logmessage messageid="280122" severity="error"
    loggable="true"
    method="logMissingRegion(String storeName, String regionName,">
    <messagebody>
      Missing the region &quot;{1}&quot; from this replicated store(name=&quot;{0}&quot;).
    </messagebody>
    <messagedetail>
      The replicated store was expecting to find the specified region, but it is
      not available.
    </messagedetail>
    <cause>
      The region has been accidentially deleted or moved, or the wrong
      name was specified, or the server process does not have permissions to
      read and write to the region.
    </cause>
    <action>
      Ensure that the replicated Store name is correct and that the server process
      has permissions to read and write to the regions in the replicated store. If necessary, create an empty region with the same name.
    </action>
  </logmessage>
  
  <logmessage messageid="280123" severity="error"
    loggable="true"
    method="logTooManyRegionsCreated(int maxRegions)">
    <messagebody>
      The replicated store has reached the maximum number of {0} regions and no
      more region can be created.
    </messagebody>
    <messagedetail>
      The replicated store has a maximum number of regions allowed, and once this
      limit is reached, the store cannot hold any more data.
    </messagedetail>
    <cause>
      There are too many records in the store.
    </cause>
    <action>
      Delete data from the store and try again.
    </action>
  </logmessage>
  
  <logmessage messageid="280124" severity="error"
    loggable="true"
    method="logErrorFlushingRegion()">
    <messagebody>
      An error occurred while flushing the contents of a replicated store region.
    </messagebody>
    <messagedetail>
      The flush operation on a replicated store region ensures that the data in the
      region is persistently written to memory store. This operation failed. See the
      detail message for more information.
    </messagedetail>
    <cause>
      See the detail message.
    </cause>
    <action>
      See the detail message.
    </action>
  </logmessage>
  
  <logmessage messageid="280125" severity="error" stacktrace="false"
    loggable="true"
    method="logInvalidRegionVersion(String storeName, String regionName, int versionFound, int versionExpected)"
   >
    <messagebody>
      The replicated store &quot;{0}(Region Name={1})&quot; could not be opened because it contained
      a region with an invalid version {2}. A region of version {3} was expected.
    </messagebody>
    <messagedetail>
      The replicated store could not be opened because a region was found that was not
      the proper version.
    </messagedetail>
    <cause>
      The replicated store has not been properly upgraded from a previous version of
      WebLogic Server, or the region has been corrupted on the memory store.
    </cause>
    <action>
      Ensure that the file store was upgraded using the weblogic.Upgrade tool.
    </action>
  </logmessage>
  
  <logmessage
     messageid="280126"
     severity="warning"
     method="logReplicatedStoreBlockSizeIgnored(String propName, String storeName, String regionName)">
     <messagebody>
       Opening existing replicated store &quot;{1}(Region Name={2})&quot;. The block size value specified by the property {0} is ignored because the block size of preexisting regions cannot change.
     </messagebody>
     <messagedetail/>
     <cause/>
     <action>
       Refer to the Tuning WebLogic JMS chapter of the Tuning Performance of Oracle WebLogic Server guide for details of this setting. 
     </action>
  </logmessage>
  <logmessage messageid="280127" severity="error"
    retired="false"
    loggable="true"
    method="logRegionOpenError(String storeName, String regionName)">
    <messagebody>
      The replicated store &quot;{0}&quot; cannot open region {1}.
    </messagebody>
    <messagedetail/>
    <cause>
      An IOException occurred.
    </cause>
    <action>
      No action is required.
    </action>
  </logmessage>
  
   <logmessage messageid="280129" severity="info" stacktrace="false"
       method="logJDBCStoreConnectionPolicy(String storeName, String connPolicyStr, long connectionCount)"
      >
      <messagebody>
         JDBC store &quot;{0}&quot; will be opened with connection caching policy &quot;{1}&quot; and will keep {2,choice,1#1 database connection|2#{2} database connections} open.
      </messagebody>
      <messagedetail>
      </messagedetail>
      <cause>
        Informational message.
      </cause>
      <action>
        No action is required.
      </action>
   </logmessage>

   <logmessage messageid="280130" severity="error" stacktrace="false" loggable="true"
       method="logJDBCStoreConnectionPolicyIncompatibile(String storeName, String connPolicyStr, String propertyName, String propertyValue)"
      >
      <messagebody>
         The configuration property &quot;{2}&quot; with value &quot;{3}&quot; on JDBC store &quot;{0}&quot; is incompatible with connection policy &quot;{1}&quot;.
      </messagebody>
      <messagedetail>
      </messagedetail>
      <cause>
        Conflicting configuration options.
      </cause>
      <action>
        Either the connection caching policy must be changed or the property value must be changed.
      </action>
   </logmessage>

   <logmessage messageid="280131" severity="info" stacktrace="false"
       method="logJDBCStorePiggyBackCommitDisabled(String storeName, String connPolicyStr)"
      >
      <messagebody>
         The use of piggy-back commit is incompatible connection policy &quot;{1}&quot; and has been disabled for JDBC store &quot;{0}&quot;.
      </messagebody>
      <messagedetail>
      </messagedetail>
      <cause>
        Conflicting configuration options.
      </cause>
      <action>
        Either the connection caching policy must be changed or the property value must be changed.
      </action>
   </logmessage>

   <logmessage messageid="280132" severity="info" stacktrace="false"
       method="logJDBCStoreUseUncachedConnections(String storeName, String connPolicyStr)"
      >
      <messagebody>
         JDBC store &quot;{0}&quot; will be opened with connection caching policy &quot;{1}&quot; and will get one connection from its data source as needed.
      </messagebody>
      <messagedetail>
      </messagedetail>
      <cause>
        Informational message.
      </cause>
      <action>
        No action is required.
      </action>
   </logmessage>

   <logmessage messageid="280133" severity="Error" stacktrace="false"
       method="logJDBCStoreVersionRecMissing(String storeName, String tableRef)"
      >
      <messagebody>
        The version record is missing from the table &quot;{1}&quot; for the JDBC store &quot;{0}&quot;.
        Make sure that only Weblogic processes are accessing and modifying the table.
      </messagebody>
      <messagedetail>
        The JDBC store at store startup identified that the version record is missing from the database
        table backing the store. Make sure that only Weblogic processes are accessing and modifying the table.
      </messagedetail>
      <cause>
        The version record is missing from the non-empty table backing the JDBC store.
      </cause>
      <action>
        Contact My Oracle Support regarding restoring the version record in the JDBC store.
      </action>
   </logmessage>

   <logmessage messageid="280134" severity="info" stacktrace="false"
       method="logJDBCStoreRestoreMissingVersionRec(String storeName, String tableRef)"
      >
      <messagebody>
        The version record is missing from the table &quot;{1}&quot; for the JDBC store
        &quot;{0}&quot; and will be restored.
      </messagebody>
      <messagedetail>
        The system property "weblogic.store.StoreRestoreVersionRow" is enabled and the missing version record will
        be restored.
      </messagedetail>
      <cause>
        Informational message.
      </cause>
      <action>
        No action is required.
      </action>
   </logmessage>

</message_catalog>
