<?xml version="1.0" encoding="UTF-8" standalone="yes"?>
<component-def xmlns="http://xmlns.oracle.com/cie/gdr/cpd" name="oracle.wls.libraries" version="12.2.1.3.0" description="Oracle WebLogic All Server Modules for Shared Client Libraries" gdr-version="1.8.2.0" groupId="com.oracle.weblogic" xmlns:ns2="http://xmlns.oracle.com/cie/stringsubs">
  <file-map symbol="wls.common.symbol" source="filegroup2.jar" expanded="true" compacted="true" patch="21933966">
    <exclude regex="\.ade_path" match-dirs="true"/>
    <file source="modules/com.bea.core.apache.log4j.jar" dest="modules/com.bea.core.apache.log4j.jar" mode="640" action="replacement"/>
    <file-perms>
      <permission mode="750" regex=".*" match-dirs="true"/>
    </file-perms>
  </file-map>
  <artifact-pom-overrides>
    <suppress-pom file="modules/com.bea.core.weblogic.security.t3.standalone.client.jar" symbol="wls.server.symbol"/>
  </artifact-pom-overrides>
  <libraries/>
</component-def>
