<?xml version="1.0" encoding="UTF-8" standalone="yes"?>
<component-def name="oracle.fmwconfig.common.shared" version="12.1.3.0.0" description="Oracle Fusion Middleware Common Admin Config" gdr-version="1.1.0.0" xmlns:ns2="http://xmlns.oracle.com/cie/stringsubs" xmlns="http://xmlns.oracle.com/cie/gdr/cpd">
  <file-map symbol="fmwconfig.common.symbol" source="filegroup1.jar" expanded="true" compacted="true" patch="22559225">
    <directory dest="modules" mode="750">
      <file size="38788" dest="com.oracle.cie.config_8.1.0.0.jar" mode="640" action="injection"/>
      <file size="13810" dest="com.oracle.cie.encryption_2.1.0.0.jar" mode="640" action="injection"/>
      <file size="235" dest="bcprov-jdk16-1.45.jar" mode="640" action="injection"/>
    </directory>
    <directory dest="common" mode="750">
      <directory dest="sql" mode="750">
        <directory dest="svctbl" mode="750">
          <directory dest="sql" mode="750">
            <file size="284" dest="revoke_stb_dba_privs.sql" mode="640" action="replacement"/>
            <file size="889" dest="create_user.sql" mode="640" action="replacement"/>
          </directory>
        </directory>
      </directory>
    </directory>
    <file-perms>
      <permission mode="750" regex=".*" match-dirs="true"/>
    </file-perms>
  </file-map>
  <libraries/>
</component-def>
