<?xml version="1.0" encoding="UTF-8" standalone="yes"?>
<component-def name="oracle.wls.common.nodemanager" version="12.1.3.0.0" description="Modules for standalone NodeManager common to WebLogic and CAM" gdr-version="1.1.0.0" xmlns:ns2="http://xmlns.oracle.com/cie/stringsubs" xmlns="http://xmlns.oracle.com/cie/gdr/cpd">
  <file-map symbol="wls.common.cam.symbol" source="filegroup1.jar" expanded="true" compacted="true" patch="22153233">
    <exclude regex="\.ade_path" match-dirs="true"/>
    <directory dest="">
      <directory dest="server" mode="750">
        <directory dest="lib" mode="750">
          <file size="1610" dest="DemoTrust.jks" mode="640" action="replacement"/>
        </directory>
      </directory>
      <file-perms>
        <permission mode="750" regex=".*\.bat"/>
        <permission mode="750" regex=".*\.cmd"/>
        <permission mode="750" regex=".*\.sh"/>
        <permission mode="640" regex=".*"/>
      </file-perms>
    </directory>
    <file-perms>
      <permission mode="750" regex=".*" match-dirs="true"/>
    </file-perms>
  </file-map>
  <libraries/>
  <stringsubs>
    <ns2:group id="WlsHome">
      <ns2:file-entry name="$wls.common.cam.symbol.path$/server/bin/installNodeMgrSvc.cmd"/>
      <ns2:file-entry name="$wls.common.cam.symbol.path$/server/bin/uninstallNodeMgrSvc.cmd"/>
      <ns2:file-entry name="$wls.common.cam.symbol.path$/server/bin/startNodeManager.cmd"/>
      <ns2:file-entry name="$wls.common.cam.symbol.path$/server/bin/stopNodeManager.cmd"/>
      <ns2:change-pair-ref name="WL_HOME"/>
    </ns2:group>
    <ns2:group id="WlsHomeForward" mode="forward">
      <ns2:file-entry name="$wls.common.cam.symbol.path$/server/bin/startNodeManager.sh"/>
      <ns2:file-entry name="$wls.common.cam.symbol.path$/server/bin/stopNodeManager.sh"/>
      <ns2:change-pair-ref name="WL_HOME"/>
    </ns2:group>
    <ns2:change-pair id="WL_HOME" before="@WL_HOME" after="$wls.common.cam.symbol.path$"/>
  </stringsubs>
</component-def>
