<?xml version="1.0" encoding="UTF-8" standalone="yes"?>
<component-def name="oracle.webservices.base" version="12.1.3.0.0" description="Oracle WebServices Base" gdr-version="1.1.0.0" xmlns:ns2="http://xmlns.oracle.com/cie/stringsubs" xmlns="http://xmlns.oracle.com/cie/gdr/cpd">
  <file-map symbol="jrf.symbol" source="filegroup1.jar" expanded="true" compacted="true" patch="22559225">
    <directory dest="modules" mode="750">
      <file size="267106" dest="com.oracle.webservices.mdds-api_12.1.3.jar" action="injection" group="com.oracle.webservices" artifact="mdds-api" version="1.2.0-b181108.1723"/>
      <file size="1377060" dest="com.oracle.webservices.ws-star-impl_12.1.3.jar" action="injection" group="com.oracle.webservices" artifact="ws-star-impl" version="1.2.0-b181108.1723"/>
      <file-perms/>
    </directory>
  </file-map>
  <libraries/>
</component-def>
