<?xml version="1.0" encoding="UTF-8" standalone="no"?>
<oneoff_inventory>
    <opack_version version="14.1.0.1.7"/>
    <patch_description>WLS PATCH SET UPDATE 12.2.1.2.180717</patch_description>
    <patch_id number="27741413"/>
    <minimum_opatch_version>13.9.1.0.0</minimum_opatch_version>
    <unique_patch_id>22207080</unique_patch_id>
    <cannot_autorollback>false</cannot_autorollback>
    <date_of_patch day="11" month="Jun" time="12:29:32 hrs" year="2018" zone="PST8PDT"/>
    <base_bugs>
        <bug description="Fix for Bug 23099318" number="23099318"/>
        <bug description="WLS WEBSERVICES BASE COMPONENT LIBRARIES FOR ODI FEDERATED ORACLE HOME" number="26088242"/>
        <bug description="CODEHAUS COMPONENT LIBRARIES FOR ODI FEDERATED ORACLE HOME" number="26151857"/>
        <bug description="WLS SHARED INST COMPONENT LIBRARIES FOR ODI FEDERATED ORACLE HOME" number="26151991"/>
        <bug description="WLS SENT 0000 DATA TO THE CLIENT AFTER HTTP 204" number="26080417"/>
        <bug description="WLS PATCH SET UPDATE 12.1.3.0.171017 THROWING STRINGINDEXOUTOFBOUNDSEXCEPTION" number="26985581"/>
        <bug description="MEMORY LEAK OBSERVED WITH CONNECTIONMANAGERSERVER OBJECT" number="24921594"/>
        <bug description="IDCS-WLS GAP  APP ROLES INFO NOT AVAILABLE IN CLIENT AUTHENTICATION FLOW" number="26098043"/>
        <bug description="Fix for Bug 27948303" number="27948303"/>
        <bug description="Fix for Bug 27803728" number="27803728"/>
        <bug description="[BLOCKING JCS 12.2.1]  APP ACCESS GIVES 404 FOR SOME PARTITION/CLUSTER MEMBERS" number="23101385"/>
        <bug description="Fix for Bug 26144830" number="26144830"/>
        <bug description="DISABLED SMTP NOTIFICATION CAUSES SERVER TO START IN ADMIN STATE" number="25590885"/>
        <bug description="MISSING APPLICATION ID IN CIC" number="25564218"/>
        <bug description="WEBSERVICES OSDL COMPONENT LIBRARIES FOR ODI FEDERATED ORACLE HOME" number="26088843"/>
        <bug description="WLS LIBRARIES COMPONENT LIBRARIES FOR ODI FEDERATED ORACLE HOME" number="26089167"/>
        <bug description="WSS SECURITY NOT BEING ADDED FOR JAXWS DISPATCH CLIENT WITH CUSTOM POLICY ID" number="25488428"/>
        <bug description="Fix for Bug 26248394" number="26248394"/>
        <bug description="RESPONSE TIME FOR ADF APPLICATION TAKES 30 SECONDS" number="25800186"/>
        <bug description="MEMORY LEAK OBSERVED WITH CONNECTIONMANAGERSERVER OBJECT" number="25071727"/>
        <bug description="PASTE CONFIG FOR 12.2.1 SOA, OSB FAILED WITH CIE ERRORS WHILE UNPACKING DOMAIN" number="26769768"/>
        <bug description="Fix for Bug 25993295" number="25993295"/>
        <bug description="Fix for Bug 27445260" number="27445260"/>
        <bug description="WLS REWRITES HOST HEADER WHEN CLUSTER FRONTEND ADDRESS IS SET" number="26828499"/>
        <bug description="POOL CONNECTION LEAK WHEN ORACLE.JDBC.READTIME OCCURS" number="25929155"/>
        <bug description="Fix for Bug 26928937" number="26928937"/>
        <bug description="NULLPOINTEREXCEPTION RAISED DURING INITIALIZATON ON SECURITY MODULE" number="26806438"/>
        <bug description="NEED WEBLOGIC SECURITY CLASSES IN OHS STANDALONE INSTALLATION" number="24843072"/>
        <bug description="Fix for Bug 26439373" number="26439373"/>
        <bug description="TRACKING BUG FOR BACKPORT CIE BUG 25112723" number="25164167"/>
        <bug description="MT  STRESS WLS  MBEANS TAKING MORE TIME" number="23762529"/>
        <bug description="Fix for Bug 25059150" number="25059150"/>
        <bug description="MAA UPDATING RESTART IN PLACE PROPERTIES REQUIRES RESTART OF THE ENTIRE DOMAIN" number="24445797"/>
        <bug description="PSR PERF EXTRA RESERVED DATABASE CONNECTIONS IN 12.2.1.2.0" number="25742514"/>
        <bug description="WLS.JRF.TENANCY COMP LIBRARIES FOR ODI FED ORACLE HOME" number="26138767"/>
        <bug description="ADMIN SERVER IS CONSUMING HIGH NATIVE MEMORY" number="25665727"/>
        <bug description="Fix for Bug 26044754" number="26044754"/>
        <bug description=".APPMERGEGEN_$DIGIT DIR REMAIN EVERY TIME BY DEPLOYING A EAR ON WLS 12.2.1" number="26075541"/>
        <bug description="Fix for Bug 26608537" number="26608537"/>
        <bug description="SOME UNKOWN ERROR OCCURRED WHEN EMBEDED SERVER START" number="24931852"/>
        <bug description="_WLS SCHEMAS WITH CREATE ANY PRIVS" number="26929163"/>
        <bug description="DS - CHANGE DATA SOURCE PASSWORD WITHOUT RESTARTING" number="19857919"/>
        <bug description="STRESS REGRESSION MEMORY LEAK IN HAMMER STRESS TEST WITH RULE BASED ELASTICITY" number="25129508"/>
        <bug description=".APPMERGEGEN_$DIGIT DIRECTORIES REMAIN EVERYTIME BY DEPLOYING A WAR ON WLS 12.2." number="24929178"/>
        <bug description="STRESS OSB- STUCK THREAD DURING HARRIS STRESS TESTING" number="21897691"/>
        <bug description="WARNING MESSAGE REPEATEDLY LOGGED WHEN JDBC STORE IS ENABLED" number="24654879"/>
        <bug description="PSR PERF CHANGE IDCSINTEGRATOR DEFAULT CONNECT TIMEOUT TO 60SEC" number="27187631"/>
        <bug description="TRACKING BUG TO CONSUME JRF WEBSERVICES FIXES FOR 25990003 INTO WLS PSUS" number="27111664"/>
        <bug description="SCHEMA DEFAULT NOT CORRECT FOR WEB-APP-CONTAINER/JAX-RS-MONITORING-DEFAULT-BEHAV" number="27693510"/>
        <bug description="WLS LOSES CONNECTION WITH MANAGED SERVER AFTER ADMIN SERVER RESTART" number="24849618"/>
        <bug description="DUPLICATE DEPLOYERRUNTIMETEXTTEXTLOCALIZER_JA.PROPERTIES FILES" number="25203951"/>
        <bug description="12.2.1.1[ST3] 'SERVICE BUS ROUTING' APP FAILS TO START" number="22821346"/>
        <bug description="[W&amp;amp;N] SLOW MEMORY LEAK OF RESOLVED VALUES IN LOG POLICIES" number="26305139"/>
        <bug description="Fix for Bug 24818026" number="24818026"/>
        <bug description="IMPROVE DOMAINRUNTIME.GETSERVERRUNTIME() PERFORMANCE" number="26589850"/>
        <bug description="RESTFUL MANAGEMENT LEADS TO MEMORY LEAK IN WEBLOGIC.RMI.INTERNAL.OIDMANAGER" number="25812313"/>
        <bug description="STRESS REGRESSION MUXABLESOCKE.ENFOFSTREAM ERROR IN HAMMER RULE BASED ELASTICITY" number="25256036"/>
        <bug description="Fix for Bug 26547016" number="26547016"/>
        <bug description="MAA  CCW breaking for Admin Server access in SOACS" number="25033100"/>
        <bug description="WEBLOGIC.DEPLOYER LISTAPPS COMMAND THROWS NPE WITH VERSIONED APPS" number="24010580"/>
        <bug description="TRACKING BUG TO CONSUME JRF WEBSERVICES FIXES FOR 27433554 INTO WLS PSUS" number="27947832"/>
        <bug description="Fix for Bug 27819370" number="27819370"/>
        <bug description="MDS-J2EE-TESTS FAIL IN 12.2.1.3.8 AFTER UPTAKING ASKERNEL 12.2.1.3.1" number="27603087"/>
        <bug description="FOH  DEFINE COMPONENT LIBRARIES IN WLS COMPONENTS FOR SOA FOH" number="25078137"/>
        <bug description="REMOVE UNUSED CA FROM DEMOTRUST.JKS" number="25534314"/>
        <bug description="Fix for Bug 24533963" number="24533963"/>
        <bug description="ENCRYPTED PASSWORD FOR MAILSESSIONOVERRIDE IS NOT PERSISTED" number="25565231"/>
        <bug description="WLS WLS PORTABLE MOD COMPONENT LIBRARIES FOR ODI FEDERATED ORACLE HOME" number="26131926"/>
        <bug description="Fix for Bug 25743005" number="25743005"/>
        <bug description="NULL HTTPSESSION AFTER THE FIRST REQUEST IS REDIRECTED" number="24521759"/>
        <bug description="COMMONDOMAIN WC_COLLABORATION=RUNNING,HEALTH_NULL" number="25750303"/>
        <bug description="TRACKING BUG FOR DIAGNOSTIC PATCH OF IDCS INTEGRATION PS3 CHANGES" number="26371333"/>
        <bug description="CERTGEN FAILS WITH JDK8 CPU (180161, B04, B05, B06)" number="27117282"/>
        <bug description="UPG-20170919 GSI EBNN-TEST WC_SPACES FAILS TO COME UP CANNOT INSERT WC_PORTAL_PR" number="26835012"/>
        <bug description="BAD VERSION RANGE IN MAVEN CAUSING DEPLOYMENT FAILURE DUE TO COHERENCE ERRORS" number="27225438"/>
        <bug description="PSR PERF ICS WLS STUCK THREADS DUE TO LOCKING IN INJECTIONBASEDEJBCOMPONENTCREAT" number="27234961"/>
        <bug description="TRACKING BUG FOR DIAGNOSTIC PATCH OF IDCS INTEGRATION" number="24963946"/>
        <bug description="WLST ONLINE FAILED ON CREATE FAIRESHARECONSTRAINT OF RESOUCEMANAGER" number="26197660"/>
        <bug description="Fix for Bug 24817968" number="24817968"/>
        <bug description="Fix for Bug 25743025" number="25743025"/>
        <bug description="Fix for Bug 25823774" number="25823774"/>
        <bug description="WS TEST CLIENT LINK REDIRECTION ISSUE UNDER PRODUCTION MODE" number="25522149"/>
        <bug description="TRACKING BUG FOR DIAGNOSTIC PATCH OF IDCS INTEGRATION 12.3.1 CHANGES" number="27055227"/>
        <bug description="CUSTOM CHANNEL NOT USED FOR TX PEEREXCHANGE AND RECOVERY" number="25987400"/>
        <bug description="Fix for Bug 27417245" number="27417245"/>
        <bug description="USER WITH MULTI-BYTE CHARS NOT ABLE TO AUTHENTICATE" number="27411153"/>
        <bug description="Fix for Bug 27934864" number="27934864"/>
    </base_bugs>
    <required_components>
        <component internal_name="oracle.wls.security.core" opt_req="O" version="12.2.1.2.0"/>
        <component internal_name="oracle.webservices.orawsdl" opt_req="O" version="12.2.1.2.0"/>
        <component internal_name="oracle.wls.wlsportable.mod" opt_req="O" version="12.2.1.2.0"/>
        <component internal_name="oracle.wls.security.core.sharedlib" opt_req="O" version="12.2.1.2.0"/>
        <component internal_name="oracle.wls.jrf.tenancy.common.sharedlib" opt_req="O" version="12.2.1.2.0"/>
        <component internal_name="oracle.wls.libraries" opt_req="O" version="12.2.1.2.0"/>
        <component internal_name="oracle.wls.rcu" opt_req="O" version="12.2.1.2.0"/>
        <component internal_name="oracle.wls.shared.with.cam" opt_req="O" version="12.2.1.2.0"/>
        <component internal_name="oracle.fmwconfig.common.shared" opt_req="O" version="12.2.1.2.0"/>
        <component internal_name="oracle.webservices.jrf" opt_req="O" version="12.2.1.2.0"/>
        <component internal_name="oracle.wls.shared.with.coh.standalone" opt_req="O" version="12.2.1.2.0"/>
        <component internal_name="oracle.wls.jrf.tenancy.ee.only.sharedlib" opt_req="O" version="12.2.1.2.0"/>
        <component internal_name="oracle.wls.common.cam.wlst" opt_req="O" version="12.2.1.2.0"/>
        <component internal_name="oracle.wls.core.app.server" opt_req="O" version="12.2.1.2.0"/>
        <component internal_name="oracle.webservices.wls" opt_req="O" version="12.2.1.2.0"/>
        <component internal_name="oracle.fmwconfig.common.wls.shared" opt_req="O" version="12.2.1.2.0"/>
        <component internal_name="oracle.wls.common.nodemanager" opt_req="O" version="12.2.1.2.0"/>
        <component internal_name="oracle.wls.admin.console.en" opt_req="O" version="12.2.1.2.0"/>
        <component internal_name="oracle.wls.shared.with.owasp.sharedlib" opt_req="O" version="12.2.1.2.0"/>
        <component internal_name="oracle.webservices.base" opt_req="O" version="12.2.1.2.0"/>
        <component internal_name="oracle.apache.commons.collections.mod" opt_req="O" version="3.2.0.0.2"/>
        <component internal_name="oracle.wls.shared.with.owasp" opt_req="O" version="12.2.1.2.0"/>
        <component internal_name="oracle.wls.core.app.server.tier1nativelib" opt_req="O" version="12.2.1.2.0"/>
        <component internal_name="oracle.wls.inst.only" opt_req="O" version="12.2.1.2.0"/>
        <component internal_name="oracle.wls.http.pubsub.server" opt_req="O" version="12.2.1.2.0"/>
        <component internal_name="oracle.wls.workshop.code.completion.support" opt_req="O" version="12.2.1.2.0"/>
        <component internal_name="oracle.wls.clients" opt_req="O" version="12.2.1.2.0"/>
        <component internal_name="oracle.wls.evaluation.database" opt_req="O" version="12.2.1.2.0"/>
        <component internal_name="oracle.wls.shared.with.inst.sharedlib" opt_req="O" version="12.2.1.2.0"/>
        <component internal_name="oracle.wls.core.app.server.nativelib" opt_req="O" version="12.2.1.2.0"/>
        <component internal_name="oracle.org.bouncycastle" opt_req="O" version="12.2.1.2.0"/>
        <component internal_name="oracle.wls.thirdparty.javax.json" opt_req="O" version="12.2.1.2.0"/>
        <component internal_name="oracle.wls.jrf.tenancy.common" opt_req="O" version="12.2.1.2.0"/>
        <component internal_name="oracle.wls.shared.with.inst" opt_req="O" version="12.2.1.2.0"/>
        <component internal_name="oracle.wls.server.examples" opt_req="O" version="12.2.1.2.0"/>
        <component internal_name="oracle.jrf.tenancy" opt_req="O" version="12.2.1.2.0"/>
        <component internal_name="oracle.jrf.tenancy.ee" opt_req="O" version="12.2.1.2.0"/>
        <component internal_name="oracle.wls.weblogic.sca" opt_req="O" version="12.2.1.2.0"/>
        <component internal_name="oracle.wls.server.mt.examples" opt_req="O" version="12.2.1.2.0"/>
        <component internal_name="oracle.wls.common.cam" opt_req="O" version="12.2.1.2.0"/>
        <component internal_name="oracle.wls.cam.wlst" opt_req="O" version="12.2.1.2.0"/>
        <component internal_name="oracle.apache.commons.lang.mod" opt_req="O" version="2.6.0.0.2"/>
        <component internal_name="oracle.jrf.tenancy.se" opt_req="O" version="12.2.1.2.0"/>
        <component internal_name="oracle.wls.admin.console.nonen" opt_req="O" version="12.2.1.2.0"/>
    </required_components>
    <os_platforms>
        <platform id="0" name="Generic Platform 1"/>
    </os_platforms>
    <executables/>
    <instance_shutdown>true</instance_shutdown>
    <instance_shutdown_message/>
    <online_rac_installable>false</online_rac_installable>
    <run_as_root>false</run_as_root>
    <sql_migrate>false</sql_migrate>
    <wls_prereq_oneoffs/>
    <prereq_oneoffs/>
    <overlay_oneoffs/>
    <patch_type sub_type="update" value="singleton"/>
    <patch_language value="en"/>
    <product_family value="fmw"/>
    <patching_model value="one-off"/>
    <auto>false</auto>
    <translatable>false</translatable>
</oneoff_inventory>
