<?xml version="1.0" encoding="UTF-8"?>
<!DOCTYPE message_catalog PUBLIC "weblogic-message-catalog-dtd"  "http://www.bea.com/servers/wls700/dtd/msgcat.dtd">
<message_catalog
   i18n_package="weblogic.cluster"
   l10n_package="weblogic.cluster"
   subsystem="Cluster"
   version="1.0"
   loggables="false"
   >

   <!--      -->
   <message
      messageid="startingClusterService"
      method="startingClusterService()"
      >
      <messagebody>
          Starting Cluster Service...
       </messagebody>
   </message>

   <message
      messageid="displayMulticastMonitorMessage"
      method="displayMulticastMonitorMessage(String msg)"
      >
      <messagebody>
          {0}
       </messagebody>
   </message>
   
   <message
      messageid="CannotChangeClusterWhileServerReferredToInMigratableTarget"     
      method="getCannotChangeClusterWhileServerReferredToInMigratableTarget(String clusterName, String serverName)"
      >
      <messagebody>
         Cannot change the cluster of server {1} to {0}. The server is the user preferred server of a MigratableTarget and this operation is illegal.
      </messagebody>
   </message>
   
   <message
      messageid="CannotDeleteServerException"
      datehash="-1346762250"
      datelastchanged="1003774514281"
      method="getCannotDeleteServerException(String objectName)"
      >
      <messagebody>
         Deletion of Server [{0}] failed. You cannot delete a running server. If the server is not running, it may be the &quot;user preferred server&quot; of a migratable target, which prevents it from being deleted also (please migrate the migratable target to another server first).
      </messagebody>
   </message>
   
   <message
      messageid="CannotDeleteClusterException"      
      method="getCannotDeleteClusterException(String objectName)"
      >
      <messagebody>
         Deletion of Cluster [{0}] failed. You cannot delete a cluster before all migratable targets that refer to that cluster are deleted.
      </messagebody>
   </message>

   <message
      messageid="CannotDeleteMigratableTargetException"
      
      method="getCannotDeleteMigratableTargetException(String objectName)"
      >
      <messagebody>
         Deletion of MigratableTarget [{0}] failed. Default migratable targets [e.g. Server (migratable)] cannot be deleted. User defined migratable targets can only be deleted if no services are deployed to it.
      </messagebody>
   </message>

   <message
      messageid="MigratableTargetInvViolation_1A"
      
      method="getMigratableTargetInvViolation_1A(String s)"
      >
      <messagebody>
         MigratableTargetMBean {0} does not have a cluster set.
      </messagebody>
   </message>

   <message
      messageid="MigratableTargetInvViolation_1B"      
      method="getMigratableTargetInvViolation_1B(String s)"
      >
      <messagebody>
         MigratableTargetMBean {0} does not have a preferred server set.
      </messagebody>
   </message>

   <message
      messageid="MigratableTargetInvViolation_1C"      
      method="getMigratableTargetInvViolation_1C(String s)"
      >
      <messagebody>
         The cluster of the preferred server of MigratableTargetMBean {0} is not set.
      </messagebody>
   </message>

   <message
      messageid="MigratableTargetInvViolation_1D"      
      method="getMigratableTargetInvViolation_1D(String s)"
      >
      <messagebody>
         The preferred server of MigratableTargetMBean {0} is not in the set of servers of the migratable target&apos;s cluster.
      </messagebody>
   </message>

   <message
      messageid="MigratableTargetInvViolation_2"
      method="getMigratableTargetInvViolation_2(String s)"
      >
      <messagebody>
         MigratableTargetMBean {0} cluster is not equal to preferred server cluster.
      </messagebody>
   </message>

   <message
      messageid="MigratableTargetInvViolation_3"      
      method="getMigratableTargetInvViolation_3(String s)"
      >
      <messagebody>
         The preferred server of MigratableTargetMBean {0} is not in the set of explicitly specified candidate servers (ConstrainedCandidateServers).
      </messagebody>
   </message>

   <message
      messageid="MigratableTargetInvViolation_4"      
      method="getMigratableTargetInvViolation_4(String s)"
      >
      <messagebody>
         The set of explicitly specified candidate servers (ConstrainedCandidateServers) of MigratableTargetMBean {0} is not a subset of the set of servers in the cluster the migratable target is associated with.
      </messagebody>
   </message>

   <message
      messageid="MigratableTargetInvViolation_5"      
      method="getMigratableTargetInvViolation_5(String s)"
      >
      <messagebody>
         MigratableTargetMBean {0} is marked as "critial" but it's non-manual migratable target. Only manual migratable target can be configured as critical.
      </messagebody>
   </message>

   <message
      messageid="MigratableTargetSubSystemName"
      datehash="1009207405"
      datelastchanged="1003774514281"
      method="getMigratableTargetSubSystemName()"
      >
      <messagebody>
         Subsystem Service Migration
      </messagebody>
   </message>

   <message
      messageid="CannotSetConstrainedCandidateServersException"
      datehash="-323039044"
      datelastchanged="1003774514281"
      method="getCannotSetConstrainedCandidateServersException(String mt)"
      >
      <messagebody>
         Cannot set the constrained candidated servers on migratable target {0}. All servers must be in the same cluster as the migratable target and the user preferred server must be a member of the constrained candidated servers.
      </messagebody>
   </message>

   <message
      messageid="CannotSetUserPreferredServerException"
      datehash="-721432669"
      datelastchanged="1003774514281"
      method="getCannotSetUserPreferredServerException(String mt)"
      >
      <messagebody>
         Cannot set the user preferred server of migratable target {0}. The server must be part of the migratable target cluster and it must be part of the constrained candidate servers set, if not empty.
      </messagebody>
   </message>

   <message
      messageid="CannotRemoveUserPreferredServerException"
      datehash="-1582724030"
      datelastchanged="1003774514281"
      method="getCannotRemoveUserPreferredServerException(String mt)"
      >
      <messagebody>
         Cannot remove the user preferred server of migratable target {0} from the constrained candidate servers.
      </messagebody>
   </message>

   <message
      messageid="CannotSetClusterException"
      datehash="610306343"
      datelastchanged="1003774514281"
      method="getCannotSetClusterException(String mt)"
      >
      <messagebody>
         Cannot set the cluster of migratable target {0}.
      </messagebody>
   </message>

   <message
      messageid="AutomaticModeNotSupportedException"
      datehash="-1463984113"
      datelastchanged="1003774514281"
      method="getAutomaticModeNotSupportedException(String mt)"
      >
      <messagebody>
         Automatic migration is not supported yet.
      </messagebody>
   </message>

   <message
      messageid="MigrationTaskStatusInProgress"
      datehash="-66519325"
      datelastchanged="1003774514281"
      method="getMigrationTaskStatusInProgress()"
      >
      <messagebody>
         in progress
      </messagebody>
   </message>

   <message
      messageid="MigrationTaskStatusDone"
      datehash="2104019911"
      datelastchanged="1003774514281"
      method="getMigrationTaskStatusDone()"
      >
      <messagebody>
         done
      </messagebody>
   </message>

   <message
      messageid="MigrationTaskStatusFailed"
      datehash="-922271934"
      datelastchanged="1003774514281"
      method="getMigrationTaskStatusFailed()"
      >
      <messagebody>
         failed
      </messagebody>
   </message>

   <message
      messageid="MigrationTaskStatusCanceled"
      datehash="1956282974"
      datelastchanged="1003774514281"
      method="getMigrationTaskStatusCanceled()"
      >
      <messagebody>
         canceled
      </messagebody>
   </message>

   <message
      messageid="MigrationTaskStatusQIsTheSourceServerDown"
      datehash="-203092987"
      datelastchanged="1003774514281"
      method="getMigrationTaskStatusQIsTheSourceServerDown()"
      >
      <messagebody>
         is the source server down?
      </messagebody>
   </message>

   <message
      messageid="MigrationTaskStatusQIsTheDestinationServerDown"
      datehash="-2067220430"
      datelastchanged="1003774514281"
      method="getMigrationTaskStatusQIsTheDestinationServerDown()"
      >
      <messagebody>
         is the destination server down?
      </messagebody>
   </message>

   <message
      messageid="MigrationTaskTitle"
      datehash="-131917042"
      datelastchanged="1003774514281"
      method="getMigrationTaskTitle(String from, String to, String jtaLabel)"
      >
      <messagebody>
         Migration of {2}{0} to {1}
      </messagebody>
   </message>

   <message
      messageid="MigrationTaskCannotCancelHere"
      datehash="48967029"
      datelastchanged="1003774514281"
      method="getMigrationTaskCannotCancelHere()"
      >
      <messagebody>
         Migration task can only be canceled while it&apos;s awaiting user input.
      </messagebody>
   </message>

   <message
      messageid="MigrationTaskErrorCandidateServerMustNotBeEmpty"
      datehash="-268798892"
      datelastchanged="1003774514281"
      method="getMigrationTaskErrorCandidateServerMustNotBeEmpty()"
      >
      <messagebody>
         The candidate servers of the migratable target must not be empty.
      </messagebody>
   </message>

   <message
      messageid="MigrationTaskErrorDestinationMustNotBeCurrentlyActiveServer"
      datehash="1465154111"
      datelastchanged="1003774514281"
      method="getMigrationTaskErrorDestinationMustNotBeCurrentlyActiveServer()"
      >
      <messagebody>
         Cannot migrate - destination server must not be the currently activate server - services are already deployed on that server.
      </messagebody>
   </message>

   <message
      messageid="MigrationTaskErrorDestinationMustBeMemberOfCandidiateServers"
      datehash="-1809108837"
      datelastchanged="1003774514281"
      method="getMigrationTaskErrorDestinationMustBeMemberOfCandidiateServers()"
      >
      <messagebody>
         Destination server must be a member of the migratable target candidate servers.
      </messagebody>
   </message>

   <message
      messageid="MigrationTaskErrorUnableToDetermineListenAddressFromConfig"
      datehash="1303536814"
      datelastchanged="1003774514281"
      method="getMigrationTaskErrorUnableToDetermineListenAddressFromConfig(String serverName)"
      >
      <messagebody>
         Missing ListenAddress in the config file for server {0}.
      </messagebody>
   </message>
   
   <message
      messageid="MigrationTaskLoglineJTAMigrationStarted"
      datehash="-1919844178"
      datelastchanged="1003774514281"
      method="getMigrationTaskLoglineJTAMigrationStarted(String serverName, String destination)"
      >
      <messagebody>
         Migration of JTA recovery service owned by server {0} to destination server {1} started ...
      </messagebody>
   </message>

   <message
      messageid="MigrationTaskLoglineMigrationStarted"
      datehash="2093097251"
      datelastchanged="1003774514281"
      method="getMigrationTaskLoglineMigrationStarted(String serverName, String destination)"
      >
      <messagebody>
         Migration of migratable target {0} to destination server {1} started ...
      </messagebody>
   </message>

   <message
      messageid="MigrationErrorDestinationNotAmongCandidateServers"
      datehash="-1661867720"
      datelastchanged="1003774514281"
      method="getMigrationErrorDestinationNotAmongCandidateServers(String destinationServer, String migratableTarget)"
      >
      <messagebody>
         ERROR: The destination server {0} is not among the candidate servers of {1}.
      </messagebody>
   </message>

   <message
      messageid="MigrationStarted"
      datehash="1768021600"
      datelastchanged="1003774514281"
      method="getMigrationStarted(String prefix, String migratableTarget, String destinationServer)"
      >
      <messagebody>
         Started attempt to migrate {0} service(s) for {1} to destination server {2} ...&quot;
      </messagebody>
   </message>

   <message
      messageid="MigrationSucceeded"
      datehash="-858802878"
      datelastchanged="1003774514281"
      method="getMigrationSucceeded(String prefix)"
      >
      <messagebody>
         {0} Migration succeeded.
      </messagebody>
   </message>

   <message
      messageid="MigrationFailed"
      datehash="-1597644238"
      datelastchanged="1003774514281"
      method="getMigrationFailed(String prefix, String exception)"
      >
      <messagebody>
         {0} Migration failed ({1}).
      </messagebody>
   </message>

   <message
      messageid="MigrationUnknownDestinationServer"
      datehash="-792489746"
      datelastchanged="1003774514281"
      method="getMigrationUnknownDestinationServer(String destinationServer)"
      >
      <messagebody>
         ERROR: Unknown destination server: {0}
      </messagebody>
   </message>

   <message
      messageid="MigrationUnknownMigratableTarget"
      datehash="1235392516"
      datelastchanged="1003774514281"
      method="getMigrationUnknownMigratableTarget(String migratableTarget)"
      >
      <messagebody>
         ERROR: Unknown migratable target: {0}
      </messagebody>
   </message>

   <message
      messageid="MigrationJTAPrefix"
      datehash="-1239810788"
      datelastchanged="1003774514281"
      method="getMigrationJTAPrefix()"
      >
      <messagebody>
         Transaction Recovery
      </messagebody>
   </message>

   <message
      messageid="MigrationTaskUserStopDestinationNotReachable"
      datehash="-1402434609"
      datelastchanged="1003774514281"
      method="getMigrationTaskUserStopDestinationNotReachable(String destinationName)"
      >
      <messagebody>
         User asked not to go ahead with the migration for the destination server {0} is not reachable to activate there.
      </messagebody>
   </message>

   <message
      messageid="IncorrectMigratableServerName"
      method="IncorrectMigratableServerName(String name)"
      >
      <messagebody>
         Migratable server {0} does not exist. Please specify the correct
         server name for migration.
      </messagebody>
   </message>

   <message
      messageid="MigratableServerIsNotInCluster"
      method="MigratableServerIsNotInCluster(String name)"
      >
      <messagebody>
         Migratable server {0} is not a member of a cluster. All migratable
         servers should be members of a cluster.
      </messagebody>
   </message>


   <message
      messageid="CannotEnableAutoMigrationWithoutLeasing"
      method="getCannotEnableAutoMigrationWithoutLeasing(String name)"
      >
      <messagebody>
         An attempt was made to set the migration policy of Migratable target {0} to non-manual. Before automatic migration of any kind can be used, the MigrationBasis must be set in the ClusterMBean. If database is chosen, then DataSourceForAutomaticMigration must be set as well.
      </messagebody>
   </message>

   <message
      messageid="CannotEnableAutoMigrationWithoutLeasing2"
      method="getCannotEnableAutoMigrationWithoutLeasing2()"
      >
      <messagebody>
         At least one migratable target is configured with automatic migration. Before automatic migration of any kind can be used, the MigrationBasis must be set in the ClusterMBean. If database is chosen, then DataSourceForAutomaticMigration must be set as well.
      </messagebody>
   </message>


   <message
      messageid="NodemanagerRequiredOnCandidateServers"
      method="getNodemanagerRequiredOnCandidateServers(String name)"
      >
      <messagebody>
         When consensus leasing is enabled, all candidate servers must have a machine set and nodemanager configured for that machine. 
      </messagebody>
   </message>
   
   <message
      messageid="IllegalMigrationPolicy"
      method="getIllegalMigrationPolicy(String name)"
      >
      <messagebody>
         An attempt was made to set the migration policy of Migratable target {0} to non-manual. This is not allowed.
      </messagebody>
   </message>
   
   <message
      messageid="IllegalAttemptToSetPostScriptFailure"
      method="getIllegalAttemptToSetPostScriptFailure(String name)"
      >
      <messagebody>
         An attempt was made to set the Post-Migration Script Failure attribute of Migratable target {0}. This is not allowed.
      </messagebody>
   </message>    
   
    <message
      messageid="IllegalAttemptToSetRestartOnFailure"
      method="getIllegalAttemptToSetRestartOnFailure(String name)"
      >
      <messagebody>
         An attempt was made to set the RestartOnFailure attribute of Migratable target {0}. This is not allowed.
      </messagebody>
   </message>    
   
   <message
      messageid="IllegalAttemptToSetSecondsBetweenRestarts"
      method="getIllegalAttemptToSetSecondsBetweenRestarts(String name)"
      >
      <messagebody>
         An attempt was made to set the SecondsBetweenRestarts attribute of Migratable target {0}. This is not allowed.
      </messagebody>
   </message>
   
    <message
      messageid="IllegalAttemptToSetNumberOfRestartAttempts"
      method="getIllegalAttemptToSetNumberOfRestartAttempts(String name)"
      >
      <messagebody>
         An attempt was made to set the NumberOfRestartAttempts attribute of Migratable target {0}. This is not allowed.
      </messagebody>
   </message>


</message_catalog>
