<?xml version="1.0" encoding="UTF-8" standalone="yes"?>
<component-def name="oracle.webservices.wls" version="12.1.3.0.0" description="Oracle WebLogic WebServices" gdr-version="1.1.0.0" xmlns:ns2="http://xmlns.oracle.com/cie/stringsubs" xmlns="http://xmlns.oracle.com/cie/gdr/cpd">
  <file-map symbol="jrf.symbol" source="filegroup1.jar" expanded="true" compacted="true" patch="22559225">
    <directory dest="modules" mode="750">
      <file size="6090042" dest="com.oracle.webservices.wls.wls-soap-stack-impl_12.1.3.jar" action="injection" group="com.oracle.webservices.wls" artifact="wls-soap-stack-impl" version="1.2.0-b181108.1723"/>
      <file size="664043" dest="com.oracle.webservices.wls.ws-testclient-app-wls_12.1.3.ear" action="replacement" group="com.oracle.webservices.wls" artifact="ws-testclient-app-wls" version="1.2.0-b181108.1723" type="ear"/>
      <file size="663363" dest="com.oracle.webservices.wls.ws-testclient-app-was_12.1.3.ear" action="injection" group="com.oracle.webservices.wls" artifact="ws-testclient-app-was" version="1.2.0-b181108.1723" type="ear"/>
      <file-perms/>
    </directory>
  </file-map>
  <libraries/>
</component-def>
