<?xml version="1.0" encoding="UTF-8" standalone="no"?>
<oneoff_actions>
    <oracle.webservices.base opt_req="O" symbol="jrf.symbol" version="12.2.1.3.0">
        <jar class_name="modules/com.oracle.webservices.orasaaj-rt-api.jar/oracle/j2ee/ws/saaj/client/p2p/HttpSOAPConnection$PrivilegedPost.class" name="com.oracle.webservices.orasaaj-rt-api.jar" path="%ORACLE_HOME%/%SYMBOL%/modules" shaolue="8233CE9353FD97D5886A88F505700C8DEE7F9938"/>
        <jar class_name="modules/com.oracle.webservices.orasaaj-rt-api.jar/oracle/j2ee/ws/saaj/client/p2p/HttpSOAPConnection$UsernamePasswordPrompter.class" name="com.oracle.webservices.orasaaj-rt-api.jar" path="%ORACLE_HOME%/%SYMBOL%/modules" shaolue="8904AD82C1F2EFD17ECAF90A0C45C846F5CAF10F"/>
        <jar class_name="modules/com.oracle.webservices.orasaaj-rt-api.jar/oracle/j2ee/ws/saaj/client/p2p/HttpSOAPConnection.class" name="com.oracle.webservices.orasaaj-rt-api.jar" path="%ORACLE_HOME%/%SYMBOL%/modules" shaolue="61CA941CF11868FB081EF4E9CBA08F6B82AD08CE"/>
        <jar class_name="modules/com.oracle.webservices.orasaaj-rt-api.jar/oracle/j2ee/ws/saaj/client/p2p/NullMap.class" name="com.oracle.webservices.orasaaj-rt-api.jar" path="%ORACLE_HOME%/%SYMBOL%/modules" shaolue="BDC3AF7A516DB38FA87D3F6D41CC7DC81FAD9D4E"/>
    </oracle.webservices.base>
    <oracle.wls.libraries opt_req="O" version="12.2.1.3.0">
        <copy file_name="inventory/Components/oracle.wls.libraries/12.2.1.3.0/patches/21933966/compDef.xml" name="compDef.xml" path="%ORACLE_HOME%/inventory/Components/oracle.wls.libraries/12.2.1.3.0/patches/21933966" retain_permission="true" shaolue="700347F15A2B7FD047F2CB54C4A85B53C6DEEAFA"/>
    </oracle.wls.libraries>
    <oracle.wls.libraries opt_req="O" symbol="wls.server.symbol" version="12.2.1.3.0">
        <jar class_name="modules/com.oracle.weblogic.deploy.jar/weblogic/deploy/api/spi/deploy/mbeans/ModuleCache.class" name="com.oracle.weblogic.deploy.jar" path="%ORACLE_HOME%/%SYMBOL%/modules" shaolue="22FCE482E8DDF12BACE074836B2F5F1B1F21A184"/>
        <jar class_name="modules/com.bea.core.transaction.jar/weblogic/transaction/PeerExchangeTransaction.class" name="com.bea.core.transaction.jar" path="%ORACLE_HOME%/%SYMBOL%/modules" shaolue="9479E238ED84BAA4660350FA4F9790D0916521E2"/>
        <jar class_name="modules/com.bea.core.transaction.jar/weblogic/transaction/internal/ClientTransactionImpl.class" name="com.bea.core.transaction.jar" path="%ORACLE_HOME%/%SYMBOL%/modules" shaolue="5C6E6CB3BFEAAE49F7879588AFF37FD399F0A4D4"/>
        <jar class_name="modules/com.bea.core.transaction.jar/weblogic/transaction/internal/Constants.class" name="com.bea.core.transaction.jar" path="%ORACLE_HOME%/%SYMBOL%/modules" shaolue="D3E4E17B201C2F24FEB6ADE1C3C2B580BDE04E22"/>
        <jar class_name="modules/com.bea.core.transaction.jar/weblogic/transaction/internal/CoordinatorDescriptor.class" name="com.bea.core.transaction.jar" path="%ORACLE_HOME%/%SYMBOL%/modules" shaolue="B6D8076E9637AA7F9EC28D0A150150E606B4FE1A"/>
        <jar class_name="modules/com.bea.core.transaction.jar/weblogic/transaction/internal/CoordinatorFactory$1.class" name="com.bea.core.transaction.jar" path="%ORACLE_HOME%/%SYMBOL%/modules" shaolue="78B013176AFC85DF6B88CD2FD9FFF8C9CA0AAABC"/>
        <jar class_name="modules/com.bea.core.transaction.jar/weblogic/transaction/internal/CoordinatorFactory$JNDILookUpAction.class" name="com.bea.core.transaction.jar" path="%ORACLE_HOME%/%SYMBOL%/modules" shaolue="293FE242CF519DE19ECB1998B8F56437E0F1F08B"/>
        <jar class_name="modules/com.bea.core.transaction.jar/weblogic/transaction/internal/CoordinatorFactory.class" name="com.bea.core.transaction.jar" path="%ORACLE_HOME%/%SYMBOL%/modules" shaolue="8B563540EC126C8A4D2EE61B22406315F6CB7876"/>
        <jar class_name="modules/com.bea.core.transaction.jar/weblogic/transaction/internal/JTAConfig.class" name="com.bea.core.transaction.jar" path="%ORACLE_HOME%/%SYMBOL%/modules" shaolue="838A598B17019739B8C54DC61C76A465E57B4137"/>
        <jar class_name="modules/com.bea.core.transaction.jar/weblogic/transaction/internal/PeerExchangeTransactionImpl.class" name="com.bea.core.transaction.jar" path="%ORACLE_HOME%/%SYMBOL%/modules" shaolue="41A7F37DD4FE4517185EE2748283AE25F7B739DE"/>
        <jar class_name="modules/com.bea.core.transaction.jar/weblogic/transaction/internal/PlatformHelper$ArraySet.class" name="com.bea.core.transaction.jar" path="%ORACLE_HOME%/%SYMBOL%/modules" shaolue="F39996056F8515F8122E9459A4BA1468658BF072"/>
        <jar class_name="modules/com.bea.core.transaction.jar/weblogic/transaction/internal/PlatformHelper$ClusterStatus.class" name="com.bea.core.transaction.jar" path="%ORACLE_HOME%/%SYMBOL%/modules" shaolue="F9FBD983E1A5500ED77A16BC85CF54EC05CC251C"/>
        <jar class_name="modules/com.bea.core.transaction.jar/weblogic/transaction/internal/PlatformHelper$UnsyncByteArrayOutputStream.class" name="com.bea.core.transaction.jar" path="%ORACLE_HOME%/%SYMBOL%/modules" shaolue="C706355C1201CB85591726A21B2AA94DB2D8E0F3"/>
        <jar class_name="modules/com.bea.core.transaction.jar/weblogic/transaction/internal/PlatformHelper.class" name="com.bea.core.transaction.jar" path="%ORACLE_HOME%/%SYMBOL%/modules" shaolue="C7F275AE2FC15FC0F9FF2CBAE0F3C3E70CB029E8"/>
        <jar class_name="modules/com.bea.core.transaction.jar/weblogic/transaction/internal/PropagationContext$1.class" name="com.bea.core.transaction.jar" path="%ORACLE_HOME%/%SYMBOL%/modules" shaolue="4C2488A5BAD38ADC2ABDD1A34331CD7D5F8E63F7"/>
        <jar class_name="modules/com.bea.core.transaction.jar/weblogic/transaction/internal/PropagationContext$TxObjectInputStream.class" name="com.bea.core.transaction.jar" path="%ORACLE_HOME%/%SYMBOL%/modules" shaolue="C8EE9C1674916F0C1035918C9B1E15CC53AB40E4"/>
        <jar class_name="modules/com.bea.core.transaction.jar/weblogic/transaction/internal/PropagationContext.class" name="com.bea.core.transaction.jar" path="%ORACLE_HOME%/%SYMBOL%/modules" shaolue="21E11B3C6445C85F2B3B134DE69BBD101146A3BF"/>
        <jar class_name="modules/com.bea.core.transaction.jar/weblogic/transaction/internal/ServerCoordinatorDescriptor$1.class" name="com.bea.core.transaction.jar" path="%ORACLE_HOME%/%SYMBOL%/modules" shaolue="771C92B903F2A6DC491ACD010F70ECBF3A8109C5"/>
        <jar class_name="modules/com.bea.core.transaction.jar/weblogic/transaction/internal/ServerCoordinatorDescriptor$Barrier.class" name="com.bea.core.transaction.jar" path="%ORACLE_HOME%/%SYMBOL%/modules" shaolue="BA694D96EBDEA24515FDA465B1843F70A459FC0B"/>
        <jar class_name="modules/com.bea.core.transaction.jar/weblogic/transaction/internal/ServerCoordinatorDescriptor$RefCountLock.class" name="com.bea.core.transaction.jar" path="%ORACLE_HOME%/%SYMBOL%/modules" shaolue="C169EE60E077F1BE9B9B6CE306158827570554F9"/>
        <jar class_name="modules/com.bea.core.transaction.jar/weblogic/transaction/internal/ServerCoordinatorDescriptor.class" name="com.bea.core.transaction.jar" path="%ORACLE_HOME%/%SYMBOL%/modules" shaolue="C178829DA7D84C6BC44517C3096882B8BAC1891B"/>
        <jar class_name="modules/com.bea.core.transaction.jar/weblogic/transaction/internal/ServerTransactionImpl$1.class" name="com.bea.core.transaction.jar" path="%ORACLE_HOME%/%SYMBOL%/modules" shaolue="71B0AB12E73AE7615F8DD1E4B248003E288AA467"/>
        <jar class_name="modules/com.bea.core.transaction.jar/weblogic/transaction/internal/ServerTransactionImpl$2.class" name="com.bea.core.transaction.jar" path="%ORACLE_HOME%/%SYMBOL%/modules" shaolue="EBB1571DF89A9A0BC48F8F7AB545C9B4B687D517"/>
        <jar class_name="modules/com.bea.core.transaction.jar/weblogic/transaction/internal/ServerTransactionImpl$3.class" name="com.bea.core.transaction.jar" path="%ORACLE_HOME%/%SYMBOL%/modules" shaolue="FAD9BB5A1711E61DD2439A8818203C5DC55B3DF7"/>
        <jar class_name="modules/com.bea.core.transaction.jar/weblogic/transaction/internal/ServerTransactionImpl$ForceGlobalCommitAction.class" name="com.bea.core.transaction.jar" path="%ORACLE_HOME%/%SYMBOL%/modules" shaolue="FF7E21AE13FF440D7E84E4F6CFACAE3BE37561E8"/>
        <jar class_name="modules/com.bea.core.transaction.jar/weblogic/transaction/internal/ServerTransactionImpl$ForceGlobalRollbackAction.class" name="com.bea.core.transaction.jar" path="%ORACLE_HOME%/%SYMBOL%/modules" shaolue="A97C0CBBE42C870B7844A6DE7056E89856A64A89"/>
        <jar class_name="modules/com.bea.core.transaction.jar/weblogic/transaction/internal/ServerTransactionImpl$StartRollbackAction.class" name="com.bea.core.transaction.jar" path="%ORACLE_HOME%/%SYMBOL%/modules" shaolue="8535F407CA72B505BD983B5B6C25A955F903D58A"/>
        <jar class_name="modules/com.bea.core.transaction.jar/weblogic/transaction/internal/ServerTransactionImpl.class" name="com.bea.core.transaction.jar" path="%ORACLE_HOME%/%SYMBOL%/modules" shaolue="B0D5C122DB9F0229C2BD63808DB74C8B6C2327C2"/>
        <jar class_name="modules/com.bea.core.transaction.jar/weblogic/transaction/internal/ServerTransactionManagerImpl$1.class" name="com.bea.core.transaction.jar" path="%ORACLE_HOME%/%SYMBOL%/modules" shaolue="456144B4BC5A89F2887FB2EB4111161A5B12EAF3"/>
        <jar class_name="modules/com.bea.core.transaction.jar/weblogic/transaction/internal/ServerTransactionManagerImpl$2.class" name="com.bea.core.transaction.jar" path="%ORACLE_HOME%/%SYMBOL%/modules" shaolue="149FCEC1808694BBD7AA936A6101735B8931B90A"/>
        <jar class_name="modules/com.bea.core.transaction.jar/weblogic/transaction/internal/ServerTransactionManagerImpl$BeginListener.class" name="com.bea.core.transaction.jar" path="%ORACLE_HOME%/%SYMBOL%/modules" shaolue="DDCAA28B1B04DF8BF02ED6558375E646DFF5A13F"/>
        <jar class_name="modules/com.bea.core.transaction.jar/weblogic/transaction/internal/ServerTransactionManagerImpl$CallCheckStatusAction.class" name="com.bea.core.transaction.jar" path="%ORACLE_HOME%/%SYMBOL%/modules" shaolue="4E76B369B7E555C9626EBEB244C7BE7A2053D519"/>
        <jar class_name="modules/com.bea.core.transaction.jar/weblogic/transaction/internal/ServerTransactionManagerImpl$ClusterConfigurationListener.class" name="com.bea.core.transaction.jar" path="%ORACLE_HOME%/%SYMBOL%/modules" shaolue="175F68037EC4600156CBC5EB686D6D1DEB11A5D2"/>
        <jar class_name="modules/com.bea.core.transaction.jar/weblogic/transaction/internal/ServerTransactionManagerImpl$ConfigurationListener.class" name="com.bea.core.transaction.jar" path="%ORACLE_HOME%/%SYMBOL%/modules" shaolue="00F4906A647EE27854B3DAFE332B82FC19E0F11E"/>
        <jar class_name="modules/com.bea.core.transaction.jar/weblogic/transaction/internal/ServerTransactionManagerImpl$MigratedTLog$RecoveryCompletionListener.class" name="com.bea.core.transaction.jar" path="%ORACLE_HOME%/%SYMBOL%/modules" shaolue="7A3FB339DEBEDC328A139AF64E512EB5AB1AF5F6"/>
        <jar class_name="modules/com.bea.core.transaction.jar/weblogic/transaction/internal/ServerTransactionManagerImpl$MigratedTLog.class" name="com.bea.core.transaction.jar" path="%ORACLE_HOME%/%SYMBOL%/modules" shaolue="686FE98F16DE1EEFC312C22151BE758007B8CE74"/>
        <jar class_name="modules/com.bea.core.transaction.jar/weblogic/transaction/internal/ServerTransactionManagerImpl$RegisteredLoggingResourceTransactions.class" name="com.bea.core.transaction.jar" path="%ORACLE_HOME%/%SYMBOL%/modules" shaolue="290EC95F6AE046EBBB2293B04660E28A244CA1C8"/>
        <jar class_name="modules/com.bea.core.transaction.jar/weblogic/transaction/internal/ServerTransactionManagerImpl.class" name="com.bea.core.transaction.jar" path="%ORACLE_HOME%/%SYMBOL%/modules" shaolue="2D1F7C65D0A56BA4EE2EF8C4F5E9FBFB1E97AD83"/>
        <jar class_name="modules/com.bea.core.transaction.jar/weblogic/transaction/internal/TransactionImpl$1.class" name="com.bea.core.transaction.jar" path="%ORACLE_HOME%/%SYMBOL%/modules" shaolue="F1FAF8C96795E35EEC96F179CB62A07D69FE43DE"/>
        <jar class_name="modules/com.bea.core.transaction.jar/weblogic/transaction/internal/TransactionImpl$2.class" name="com.bea.core.transaction.jar" path="%ORACLE_HOME%/%SYMBOL%/modules" shaolue="367F73077226F4F93918FB01C8BE370E8B028767"/>
        <jar class_name="modules/com.bea.core.transaction.jar/weblogic/transaction/internal/TransactionImpl$3.class" name="com.bea.core.transaction.jar" path="%ORACLE_HOME%/%SYMBOL%/modules" shaolue="C0088967385B247B2F9B60628EE71A20A5DD86CE"/>
        <jar class_name="modules/com.bea.core.transaction.jar/weblogic/transaction/internal/TransactionImpl.class" name="com.bea.core.transaction.jar" path="%ORACLE_HOME%/%SYMBOL%/modules" shaolue="2CBA76314C74A31F742EB4E39521FC91C522C1DE"/>
        <jar class_name="modules/com.bea.core.transaction.jar/weblogic/transaction/internal/XAResourceDescriptor$1.class" name="com.bea.core.transaction.jar" path="%ORACLE_HOME%/%SYMBOL%/modules" shaolue="D171431FB73F60B6AE1DB39A29EB7A84831FD8EA"/>
        <jar class_name="modules/com.bea.core.transaction.jar/weblogic/transaction/internal/XAResourceDescriptor$2.class" name="com.bea.core.transaction.jar" path="%ORACLE_HOME%/%SYMBOL%/modules" shaolue="3AAA38DF493E7F5806898649B0F2E1E70E855854"/>
        <jar class_name="modules/com.bea.core.transaction.jar/weblogic/transaction/internal/XAResourceDescriptor$3.class" name="com.bea.core.transaction.jar" path="%ORACLE_HOME%/%SYMBOL%/modules" shaolue="9B397FD1295F758AE7E489961C0269F79BDB4FF5"/>
        <jar class_name="modules/com.bea.core.transaction.jar/weblogic/transaction/internal/XAResourceDescriptor$4.class" name="com.bea.core.transaction.jar" path="%ORACLE_HOME%/%SYMBOL%/modules" shaolue="E9C16E82B418060F55C836E055BF379C548E5F25"/>
        <jar class_name="modules/com.bea.core.transaction.jar/weblogic/transaction/internal/XAResourceDescriptor$5.class" name="com.bea.core.transaction.jar" path="%ORACLE_HOME%/%SYMBOL%/modules" shaolue="C4495DBB8196ADEF060302B549AE34751F18AE07"/>
        <jar class_name="modules/com.bea.core.transaction.jar/weblogic/transaction/internal/XAResourceDescriptor$6.class" name="com.bea.core.transaction.jar" path="%ORACLE_HOME%/%SYMBOL%/modules" shaolue="16FAB8E5FC6A80F7EE0C1D062A7B47283FA479F7"/>
        <jar class_name="modules/com.bea.core.transaction.jar/weblogic/transaction/internal/XAResourceDescriptor$ActiveXAResource.class" name="com.bea.core.transaction.jar" path="%ORACLE_HOME%/%SYMBOL%/modules" shaolue="EC49D091D8F431D2EB7267BC58672C7C1406443E"/>
        <jar class_name="modules/com.bea.core.transaction.jar/weblogic/transaction/internal/XAResourceDescriptor$MigratedRDState.class" name="com.bea.core.transaction.jar" path="%ORACLE_HOME%/%SYMBOL%/modules" shaolue="907A9C859E0E9781DCFA62A38A046B5CDB23F4BC"/>
        <jar class_name="modules/com.bea.core.transaction.jar/weblogic/transaction/internal/XAResourceDescriptor.class" name="com.bea.core.transaction.jar" path="%ORACLE_HOME%/%SYMBOL%/modules" shaolue="2ABD57F64C76F01739F30827170C8B0F877A00C5"/>
        <jar class_name="modules/com.oracle.weblogic.servlet.jar/weblogic/servlet/FileServlet$1.class" name="com.oracle.weblogic.servlet.jar" path="%ORACLE_HOME%/%SYMBOL%/modules" shaolue="D419F0A6431192BA0D9A462EE95B4A64F037CA4B"/>
        <jar class_name="modules/com.oracle.weblogic.servlet.jar/weblogic/servlet/FileServlet$LastModifiedComparator.class" name="com.oracle.weblogic.servlet.jar" path="%ORACLE_HOME%/%SYMBOL%/modules" shaolue="CD1BC1704D4D3E1DC2DED6B6C0F340290A3204FE"/>
        <jar class_name="modules/com.oracle.weblogic.servlet.jar/weblogic/servlet/FileServlet$LengthComparator.class" name="com.oracle.weblogic.servlet.jar" path="%ORACLE_HOME%/%SYMBOL%/modules" shaolue="674B4F13069DD5956DE6222DEAD3A8797D75DFA0"/>
        <jar class_name="modules/com.oracle.weblogic.servlet.jar/weblogic/servlet/FileServlet$NameComparator.class" name="com.oracle.weblogic.servlet.jar" path="%ORACLE_HOME%/%SYMBOL%/modules" shaolue="C4B0D5726206492A02E2A07E30CF02A8595FDA06"/>
        <jar class_name="modules/com.oracle.weblogic.servlet.jar/weblogic/servlet/FileServlet$SizeComparator.class" name="com.oracle.weblogic.servlet.jar" path="%ORACLE_HOME%/%SYMBOL%/modules" shaolue="0BA1F31FA0165562C8FB2898A3404B6D8023665C"/>
        <jar class_name="modules/com.oracle.weblogic.servlet.jar/weblogic/servlet/FileServlet$TypeComparator.class" name="com.oracle.weblogic.servlet.jar" path="%ORACLE_HOME%/%SYMBOL%/modules" shaolue="B43B937EFFCD055CCC350275E669CA541EFE895D"/>
        <jar class_name="modules/com.oracle.weblogic.servlet.jar/weblogic/servlet/FileServlet.class" name="com.oracle.weblogic.servlet.jar" path="%ORACLE_HOME%/%SYMBOL%/modules" shaolue="8053BAC0352087B80F1C08174CE5873C12FB7A55"/>
        <jar class_name="modules/com.oracle.weblogic.servlet.jar/weblogic/servlet/internal/NestedServletResponse.class" name="com.oracle.weblogic.servlet.jar" path="%ORACLE_HOME%/%SYMBOL%/modules" shaolue="9802575F1EFF5A49BA23C9FBE1AF22B7D57354B3"/>
        <jar class_name="modules/com.oracle.weblogic.servlet.jar/weblogic/servlet/internal/ServletOutputStreamImpl.class" name="com.oracle.weblogic.servlet.jar" path="%ORACLE_HOME%/%SYMBOL%/modules" shaolue="751081817A638F332FA3CE980311BA177122ED03"/>
        <jar class_name="modules/com.oracle.weblogic.servlet.jar/weblogic/servlet/internal/ServletRequestImpl$1.class" name="com.oracle.weblogic.servlet.jar" path="%ORACLE_HOME%/%SYMBOL%/modules" shaolue="CF4A774D9A02B4ED82A2C739BE8DEB08F32BBA6D"/>
        <jar class_name="modules/com.oracle.weblogic.servlet.jar/weblogic/servlet/internal/ServletRequestImpl$2.class" name="com.oracle.weblogic.servlet.jar" path="%ORACLE_HOME%/%SYMBOL%/modules" shaolue="41A3E107701160854DE405FFFFDD417DED4130EC"/>
        <jar class_name="modules/com.oracle.weblogic.servlet.jar/weblogic/servlet/internal/ServletRequestImpl$3.class" name="com.oracle.weblogic.servlet.jar" path="%ORACLE_HOME%/%SYMBOL%/modules" shaolue="410177256B2AC54EE6D16452D28E502105601408"/>
        <jar class_name="modules/com.oracle.weblogic.servlet.jar/weblogic/servlet/internal/ServletRequestImpl$AuthenticateResponseWrapper.class" name="com.oracle.weblogic.servlet.jar" path="%ORACLE_HOME%/%SYMBOL%/modules" shaolue="BB46AA66A336D7F344A66DEC9D42BAE77D2304BD"/>
        <jar class_name="modules/com.oracle.weblogic.servlet.jar/weblogic/servlet/internal/ServletRequestImpl$CookieKey.class" name="com.oracle.weblogic.servlet.jar" path="%ORACLE_HOME%/%SYMBOL%/modules" shaolue="91ADC048B732C88D9D65F9F9164EDC114640984B"/>
        <jar class_name="modules/com.oracle.weblogic.servlet.jar/weblogic/servlet/internal/ServletRequestImpl$ExtraIncludeParams.class" name="com.oracle.weblogic.servlet.jar" path="%ORACLE_HOME%/%SYMBOL%/modules" shaolue="BC197886C0F875703444AEB04518D697B63A01CD"/>
        <jar class_name="modules/com.oracle.weblogic.servlet.jar/weblogic/servlet/internal/ServletRequestImpl$ExtraParams.class" name="com.oracle.weblogic.servlet.jar" path="%ORACLE_HOME%/%SYMBOL%/modules" shaolue="BE6AE269C48ABE0B9878A319029EAB04A8979281"/>
        <jar class_name="modules/com.oracle.weblogic.servlet.jar/weblogic/servlet/internal/ServletRequestImpl$RequestInputHelper.class" name="com.oracle.weblogic.servlet.jar" path="%ORACLE_HOME%/%SYMBOL%/modules" shaolue="B3DDBCF38CCFA3D7AAB3FE218CBE4E0CA5DA496E"/>
        <jar class_name="modules/com.oracle.weblogic.servlet.jar/weblogic/servlet/internal/ServletRequestImpl$RequestParameters.class" name="com.oracle.weblogic.servlet.jar" path="%ORACLE_HOME%/%SYMBOL%/modules" shaolue="933BC10284741D4BD4D50B1DA844C121290F0EA9"/>
        <jar class_name="modules/com.oracle.weblogic.servlet.jar/weblogic/servlet/internal/ServletRequestImpl$SessionHelper.class" name="com.oracle.weblogic.servlet.jar" path="%ORACLE_HOME%/%SYMBOL%/modules" shaolue="ED67E9B5A0F71BC8A394E7A905B895E8C87ABDCD"/>
        <jar class_name="modules/com.oracle.weblogic.servlet.jar/weblogic/servlet/internal/ServletRequestImpl.class" name="com.oracle.weblogic.servlet.jar" path="%ORACLE_HOME%/%SYMBOL%/modules" shaolue="F0EDF123EEA5E6A6031CBD4BE14C9DC726156C34"/>
        <jar class_name="modules/com.oracle.weblogic.servlet.jar/weblogic/servlet/internal/ServletResponseImpl$1.class" name="com.oracle.weblogic.servlet.jar" path="%ORACLE_HOME%/%SYMBOL%/modules" shaolue="36D605BE7935A9AFF86B074C9611FEB37D6573A1"/>
        <jar class_name="modules/com.oracle.weblogic.servlet.jar/weblogic/servlet/internal/ServletResponseImpl$2.class" name="com.oracle.weblogic.servlet.jar" path="%ORACLE_HOME%/%SYMBOL%/modules" shaolue="B3ECC5C1A572BCE0FF460C743088D5E3A818B882"/>
        <jar class_name="modules/com.oracle.weblogic.servlet.jar/weblogic/servlet/internal/ServletResponseImpl.class" name="com.oracle.weblogic.servlet.jar" path="%ORACLE_HOME%/%SYMBOL%/modules" shaolue="AF0A59DE6D9233339DB0FA791349E4B0AF50F563"/>
        <jar class_name="modules/com.bea.core.weblogic.security.ssl.jar/utils/CertGen$KeyUsageException.class" name="com.bea.core.weblogic.security.ssl.jar" path="%ORACLE_HOME%/%SYMBOL%/modules" shaolue="2AF7A091850F41646D5449490BD1E288A8E076B3"/>
        <jar class_name="modules/com.bea.core.weblogic.security.ssl.jar/utils/CertGen.class" name="com.bea.core.weblogic.security.ssl.jar" path="%ORACLE_HOME%/%SYMBOL%/modules" shaolue="F50B720CDCD6462637E5FCCB817CACD01D29D4F3"/>
        <jar class_name="modules/com.oracle.weblogic.security.service.ffimpl.jar/weblogic/security/service/PrincipalAuthenticatorImpl$1.class" name="com.oracle.weblogic.security.service.ffimpl.jar" path="%ORACLE_HOME%/%SYMBOL%/modules" shaolue="F480C4AB75ED59C545D6B1CE10157DC29CBB0031"/>
        <jar class_name="modules/com.oracle.weblogic.security.service.ffimpl.jar/weblogic/security/service/PrincipalAuthenticatorImpl$CommonChallengeContextImpl.class" name="com.oracle.weblogic.security.service.ffimpl.jar" path="%ORACLE_HOME%/%SYMBOL%/modules" shaolue="D9FCA2D129256C17AD164147298D9D221844DDA3"/>
        <jar class_name="modules/com.oracle.weblogic.security.service.ffimpl.jar/weblogic/security/service/PrincipalAuthenticatorImpl.class" name="com.oracle.weblogic.security.service.ffimpl.jar" path="%ORACLE_HOME%/%SYMBOL%/modules" shaolue="808A7FB0D174D3C22A6CFC7920D1E31D15A63A24"/>
        <jar class_name="modules/com.oracle.weblogic.security.service.ffimpl.jar/weblogic/security/service/internal/WLSJAASLoginServiceImpl$1.class" name="com.oracle.weblogic.security.service.ffimpl.jar" path="%ORACLE_HOME%/%SYMBOL%/modules" shaolue="67AA3E9C96AA87D4B85D9093C02AFEB95727A406"/>
        <jar class_name="modules/com.oracle.weblogic.security.service.ffimpl.jar/weblogic/security/service/internal/WLSJAASLoginServiceImpl$CallbackHandlerWrapper.class" name="com.oracle.weblogic.security.service.ffimpl.jar" path="%ORACLE_HOME%/%SYMBOL%/modules" shaolue="892A6AA0476C779CE28E2CF1DB499F889FAE735E"/>
        <jar class_name="modules/com.oracle.weblogic.security.service.ffimpl.jar/weblogic/security/service/internal/WLSJAASLoginServiceImpl$ServiceImpl.class" name="com.oracle.weblogic.security.service.ffimpl.jar" path="%ORACLE_HOME%/%SYMBOL%/modules" shaolue="003CFB7775B674250528E091D8A69DA384B8549F"/>
        <jar class_name="modules/com.oracle.weblogic.security.service.ffimpl.jar/weblogic/security/service/internal/WLSJAASLoginServiceImpl.class" name="com.oracle.weblogic.security.service.ffimpl.jar" path="%ORACLE_HOME%/%SYMBOL%/modules" shaolue="804EAD1B3D6AE87CBBD95BBD1F5F2CA662157CF5"/>
        <jar class_name="modules/com.oracle.weblogic.jms.api.jar/weblogic/jms/common/JMSConstants.class" name="com.oracle.weblogic.jms.api.jar" path="%ORACLE_HOME%/%SYMBOL%/modules" shaolue="79C5A27F192AF2113CD31F8EAE89F298222E6627"/>
        <jar class_name="modules/com.oracle.weblogic.jndi.jar/weblogic/jndi/factories/java/javaURLContextFactory$1.class" name="com.oracle.weblogic.jndi.jar" path="%ORACLE_HOME%/%SYMBOL%/modules" shaolue="035D14614DAB9F74639F547023CBFB4CF2F6AB62"/>
        <jar class_name="modules/com.oracle.weblogic.jndi.jar/weblogic/jndi/factories/java/javaURLContextFactory$2.class" name="com.oracle.weblogic.jndi.jar" path="%ORACLE_HOME%/%SYMBOL%/modules" shaolue="E4F5B591CC984E2DF7D08EE2E422CD2DD994B7DE"/>
        <jar class_name="modules/com.oracle.weblogic.jndi.jar/weblogic/jndi/factories/java/javaURLContextFactory$3.class" name="com.oracle.weblogic.jndi.jar" path="%ORACLE_HOME%/%SYMBOL%/modules" shaolue="5D52CE72DD221B7308A8A32FD3DFA79C566AA03E"/>
        <jar class_name="modules/com.oracle.weblogic.jndi.jar/weblogic/jndi/factories/java/javaURLContextFactory$4.class" name="com.oracle.weblogic.jndi.jar" path="%ORACLE_HOME%/%SYMBOL%/modules" shaolue="F77271EEB3044A58609D2121A01273188130BCD4"/>
        <jar class_name="modules/com.oracle.weblogic.jndi.jar/weblogic/jndi/factories/java/javaURLContextFactory$5.class" name="com.oracle.weblogic.jndi.jar" path="%ORACLE_HOME%/%SYMBOL%/modules" shaolue="A2DFA29A05700ED91B7AC1655399FD92B117471E"/>
        <jar class_name="modules/com.oracle.weblogic.jndi.jar/weblogic/jndi/factories/java/javaURLContextFactory$JavaURLContext.class" name="com.oracle.weblogic.jndi.jar" path="%ORACLE_HOME%/%SYMBOL%/modules" shaolue="05A99A45D543DD7C82146011D71C0930855BCECB"/>
        <jar class_name="modules/com.oracle.weblogic.jndi.jar/weblogic/jndi/factories/java/javaURLContextFactory.class" name="com.oracle.weblogic.jndi.jar" path="%ORACLE_HOME%/%SYMBOL%/modules" shaolue="E98413A306338112B3D114197E6B5B1337FABA18"/>
        <jar class_name="modules/com.bea.core.utils.classloaders.jar/weblogic/utils/classloaders/FileSource.class" name="com.bea.core.utils.classloaders.jar" path="%ORACLE_HOME%/%SYMBOL%/modules" shaolue="7DC83E3A55CA6B0CE57A78BEAD3FB1B057CAE073"/>
        <jar class_name="modules/com.oracle.weblogic.management.mbeanservers.jar/weblogic/management/mbeanservers/domainruntime/internal/DomainRuntimeServiceMBeanImpl$1.class" name="com.oracle.weblogic.management.mbeanservers.jar" path="%ORACLE_HOME%/%SYMBOL%/modules" shaolue="D3A88174CE8D7A7A8F4B117F9D9F7F9100929FA8"/>
        <jar class_name="modules/com.oracle.weblogic.management.mbeanservers.jar/weblogic/management/mbeanservers/domainruntime/internal/DomainRuntimeServiceMBeanImpl$ReconnectionExecutor.class" name="com.oracle.weblogic.management.mbeanservers.jar" path="%ORACLE_HOME%/%SYMBOL%/modules" shaolue="B1603CF025F36A8EDCD5ABFE6C53390F37D1AFD5"/>
        <jar class_name="modules/com.oracle.weblogic.management.mbeanservers.jar/weblogic/management/mbeanservers/domainruntime/internal/DomainRuntimeServiceMBeanImpl$RuntimeServicesManager.class" name="com.oracle.weblogic.management.mbeanservers.jar" path="%ORACLE_HOME%/%SYMBOL%/modules" shaolue="A961650ED43F98296EE96DED9D55364758A44885"/>
        <jar class_name="modules/com.oracle.weblogic.management.mbeanservers.jar/weblogic/management/mbeanservers/domainruntime/internal/DomainRuntimeServiceMBeanImpl.class" name="com.oracle.weblogic.management.mbeanservers.jar" path="%ORACLE_HOME%/%SYMBOL%/modules" shaolue="C6B9A7D3BDCEB3FC4AAC4D4E5C3921B7A77BA831"/>
        <jar class_name="modules/com.oracle.weblogic.management.mbeanservers.jar/weblogic/management/mbeanservers/domainruntime/internal/MBeanServerConnectionManager$1.class" name="com.oracle.weblogic.management.mbeanservers.jar" path="%ORACLE_HOME%/%SYMBOL%/modules" shaolue="18F5E24AF9C476B3914F021CF4BB2548A771E1C1"/>
        <jar class_name="modules/com.oracle.weblogic.management.mbeanservers.jar/weblogic/management/mbeanservers/domainruntime/internal/MBeanServerConnectionManager$2.class" name="com.oracle.weblogic.management.mbeanservers.jar" path="%ORACLE_HOME%/%SYMBOL%/modules" shaolue="7F7B9D80657C7D2E78FB2EC4C471506E310F06D5"/>
        <jar class_name="modules/com.oracle.weblogic.management.mbeanservers.jar/weblogic/management/mbeanservers/domainruntime/internal/MBeanServerConnectionManager$ConnectDisconnectListenerLock.class" name="com.oracle.weblogic.management.mbeanservers.jar" path="%ORACLE_HOME%/%SYMBOL%/modules" shaolue="8544DF912BE46AF23DBDDF6087F9496FCAD7B1FA"/>
        <jar class_name="modules/com.oracle.weblogic.management.mbeanservers.jar/weblogic/management/mbeanservers/domainruntime/internal/MBeanServerConnectionManager$ConnectionCallback.class" name="com.oracle.weblogic.management.mbeanservers.jar" path="%ORACLE_HOME%/%SYMBOL%/modules" shaolue="8E7FB6A62F033FF08D624F363F7240B63BC56DDB"/>
        <jar class_name="modules/com.oracle.weblogic.management.mbeanservers.jar/weblogic/management/mbeanservers/domainruntime/internal/MBeanServerConnectionManager$ContinuousMSConnector.class" name="com.oracle.weblogic.management.mbeanservers.jar" path="%ORACLE_HOME%/%SYMBOL%/modules" shaolue="724DCBF658EB74156F95C371AA301032EB1CAB1E"/>
        <jar class_name="modules/com.oracle.weblogic.management.mbeanservers.jar/weblogic/management/mbeanservers/domainruntime/internal/MBeanServerConnectionManager$MBeanServerConnectionListener.class" name="com.oracle.weblogic.management.mbeanservers.jar" path="%ORACLE_HOME%/%SYMBOL%/modules" shaolue="EEEBA909100A3455ADFB573E32DE3EBDE8713F50"/>
        <jar class_name="modules/com.oracle.weblogic.management.mbeanservers.jar/weblogic/management/mbeanservers/domainruntime/internal/MBeanServerConnectionManager$Task.class" name="com.oracle.weblogic.management.mbeanservers.jar" path="%ORACLE_HOME%/%SYMBOL%/modules" shaolue="30AF41B4AD707858265FF17DB9560DE6E0A3BA8A"/>
        <jar class_name="modules/com.oracle.weblogic.management.mbeanservers.jar/weblogic/management/mbeanservers/domainruntime/internal/MBeanServerConnectionManager.class" name="com.oracle.weblogic.management.mbeanservers.jar" path="%ORACLE_HOME%/%SYMBOL%/modules" shaolue="A6F3CAEB6A0261F35151F805606C38ADC88587E6"/>
        <jar class_name="modules/com.oracle.weblogic.transaction.jar/weblogic/transaction/internal/JTAConfigImpl.class" name="com.oracle.weblogic.transaction.jar" path="%ORACLE_HOME%/%SYMBOL%/modules" shaolue="C37FA22DD9C7948631EF3EF0185AC5EA1CBBE22C"/>
        <jar class_name="modules/com.oracle.weblogic.transaction.jar/weblogic/transaction/internal/PlatformHelperCommon$1.class" name="com.oracle.weblogic.transaction.jar" path="%ORACLE_HOME%/%SYMBOL%/modules" shaolue="5CCC100343D6D00AECB8C5C7802E9FCF9F63CBAD"/>
        <jar class_name="modules/com.oracle.weblogic.transaction.jar/weblogic/transaction/internal/PlatformHelperCommon$CloneableArraySet.class" name="com.oracle.weblogic.transaction.jar" path="%ORACLE_HOME%/%SYMBOL%/modules" shaolue="B7E1499ADF45F83616815673B14AC0109A168DA7"/>
        <jar class_name="modules/com.oracle.weblogic.transaction.jar/weblogic/transaction/internal/PlatformHelperCommon.class" name="com.oracle.weblogic.transaction.jar" path="%ORACLE_HOME%/%SYMBOL%/modules" shaolue="718AFCDC59429A650CC5BB7B1749BE20E0A4A53E"/>
        <jar class_name="modules/com.oracle.weblogic.transaction.jar/weblogic/transaction/internal/PlatformHelperImpl$1.class" name="com.oracle.weblogic.transaction.jar" path="%ORACLE_HOME%/%SYMBOL%/modules" shaolue="B7B1F9A11C93129D193105F89BEC5F3E503535D8"/>
        <jar class_name="modules/com.oracle.weblogic.transaction.jar/weblogic/transaction/internal/PlatformHelperImpl$2.class" name="com.oracle.weblogic.transaction.jar" path="%ORACLE_HOME%/%SYMBOL%/modules" shaolue="E7E98A0F84487844DA84C58F54806F5F0467B68E"/>
        <jar class_name="modules/com.oracle.weblogic.transaction.jar/weblogic/transaction/internal/PlatformHelperImpl$3.class" name="com.oracle.weblogic.transaction.jar" path="%ORACLE_HOME%/%SYMBOL%/modules" shaolue="067CC6C944501A830DED4E94E9661F3EC49E5584"/>
        <jar class_name="modules/com.oracle.weblogic.transaction.jar/weblogic/transaction/internal/PlatformHelperImpl$4.class" name="com.oracle.weblogic.transaction.jar" path="%ORACLE_HOME%/%SYMBOL%/modules" shaolue="A25F6B52F248532698540D0874CE5522045A7765"/>
        <jar class_name="modules/com.oracle.weblogic.transaction.jar/weblogic/transaction/internal/PlatformHelperImpl$CheckStatusRequest.class" name="com.oracle.weblogic.transaction.jar" path="%ORACLE_HOME%/%SYMBOL%/modules" shaolue="350BEDABEFD42635820FAD27FBF9D4DCDDF6D705"/>
        <jar class_name="modules/com.oracle.weblogic.transaction.jar/weblogic/transaction/internal/PlatformHelperImpl$CrashSiteJDBCStoreMBean.class" name="com.oracle.weblogic.transaction.jar" path="%ORACLE_HOME%/%SYMBOL%/modules" shaolue="D02E384C700508986E637FA1D28F604A6C581913"/>
        <jar class_name="modules/com.oracle.weblogic.transaction.jar/weblogic/transaction/internal/PlatformHelperImpl$CrossSiteJTARecoveryRuntimeListener.class" name="com.oracle.weblogic.transaction.jar" path="%ORACLE_HOME%/%SYMBOL%/modules" shaolue="17380B302E646FB409B463F44AD3EA3A81469CA3"/>
        <jar class_name="modules/com.oracle.weblogic.transaction.jar/weblogic/transaction/internal/PlatformHelperImpl$GetSubjectFromCredentialMap.class" name="com.oracle.weblogic.transaction.jar" path="%ORACLE_HOME%/%SYMBOL%/modules" shaolue="1E83E10E3656AC5A99947F6FE775FC0483A094C2"/>
        <jar class_name="modules/com.oracle.weblogic.transaction.jar/weblogic/transaction/internal/PlatformHelperImpl$JDBCTLogServerMBeanIF.class" name="com.oracle.weblogic.transaction.jar" path="%ORACLE_HOME%/%SYMBOL%/modules" shaolue="26451813C9CDE18806E0705978A372CE8617DD56"/>
        <jar class_name="modules/com.oracle.weblogic.transaction.jar/weblogic/transaction/internal/PlatformHelperImpl.class" name="com.oracle.weblogic.transaction.jar" path="%ORACLE_HOME%/%SYMBOL%/modules" shaolue="597C8C1298FA7281B661E08FFA5A6C69C7734B77"/>
        <jar class_name="modules/com.oracle.weblogic.transaction.jar/weblogic/transaction/internal/ServerCoordinatorDescriptorManagerImpl$1.class" name="com.oracle.weblogic.transaction.jar" path="%ORACLE_HOME%/%SYMBOL%/modules" shaolue="55329F553FA66B346B6B2DBDC07C9772E003BC90"/>
        <jar class_name="modules/com.oracle.weblogic.transaction.jar/weblogic/transaction/internal/ServerCoordinatorDescriptorManagerImpl$CacheLock.class" name="com.oracle.weblogic.transaction.jar" path="%ORACLE_HOME%/%SYMBOL%/modules" shaolue="5F93D624AF9D90884E13DF92747A182FD1EC9A0E"/>
        <jar class_name="modules/com.oracle.weblogic.transaction.jar/weblogic/transaction/internal/ServerCoordinatorDescriptorManagerImpl$GetSubCoordinatorInfoAction.class" name="com.oracle.weblogic.transaction.jar" path="%ORACLE_HOME%/%SYMBOL%/modules" shaolue="72B1F895D851BEA0989D0B5ACE8DABB25406C754"/>
        <jar class_name="modules/com.oracle.weblogic.transaction.jar/weblogic/transaction/internal/ServerCoordinatorDescriptorManagerImpl$RefreshServerAction$SubCoordinatorDisconnectListener.class" name="com.oracle.weblogic.transaction.jar" path="%ORACLE_HOME%/%SYMBOL%/modules" shaolue="87CDC1FBCA34E6350F84E77AEA1797D48E29054F"/>
        <jar class_name="modules/com.oracle.weblogic.transaction.jar/weblogic/transaction/internal/ServerCoordinatorDescriptorManagerImpl$RefreshServerAction.class" name="com.oracle.weblogic.transaction.jar" path="%ORACLE_HOME%/%SYMBOL%/modules" shaolue="267F0B12FEF618361DC66FD2F31D3EDF32E33C7C"/>
        <jar class_name="modules/com.oracle.weblogic.transaction.jar/weblogic/transaction/internal/ServerCoordinatorDescriptorManagerImpl$SCDMaker.class" name="com.oracle.weblogic.transaction.jar" path="%ORACLE_HOME%/%SYMBOL%/modules" shaolue="1D86E8241188845F9C15E00E543ADBB9685EC24B"/>
        <jar class_name="modules/com.oracle.weblogic.transaction.jar/weblogic/transaction/internal/ServerCoordinatorDescriptorManagerImpl.class" name="com.oracle.weblogic.transaction.jar" path="%ORACLE_HOME%/%SYMBOL%/modules" shaolue="F35F70E00503B5D97C36F5F514A44BBE69C49F80"/>
        <jar class_name="server/lib/wls-api-part.jar/weblogic/transaction/PeerExchangeTransaction.class" name="wls-api-part.jar" path="%ORACLE_HOME%/%SYMBOL%/server/lib" shaolue="9479E238ED84BAA4660350FA4F9790D0916521E2"/>
    </oracle.wls.libraries>
    <oracle.wls.libraries opt_req="O" symbol="wls.common.symbol" version="12.2.1.3.0">
        <copy file_name="modules/com.bea.core.apache.log4j.jar" name="com.bea.core.apache.log4j.jar" path="%ORACLE_HOME%/%SYMBOL%/modules" retain_permission="true" shaolue="6F4DCA339CFB69A9B3B35660C4BDE0F28C300498"/>
    </oracle.wls.libraries>
    <oracle.webservices.orawsdl opt_req="O" symbol="jrf.symbol" version="12.2.1.3.0">
        <jar class_name="modules/com.oracle.webservices.orawsdl-api.jar/oracle/j2ee/ws/wsdl/xml/WSDLReaderImpl$InputStreamConnectionObj.class" name="com.oracle.webservices.orawsdl-api.jar" path="%ORACLE_HOME%/%SYMBOL%/modules" shaolue="C42E25A238EB28916551D9E239BDE9F9A9A64A69"/>
        <jar class_name="modules/com.oracle.webservices.orawsdl-api.jar/oracle/j2ee/ws/wsdl/xml/WSDLReaderImpl.class" name="com.oracle.webservices.orawsdl-api.jar" path="%ORACLE_HOME%/%SYMBOL%/modules" shaolue="55CBAFCB2FEBB05F453C86976D0B492ECD185F6D"/>
    </oracle.webservices.orawsdl>
    <oracle.wls.jrf.tenancy.common.sharedlib opt_req="O" symbol="wls.common.symbol" version="12.2.1.3.0">
        <jar class_name="modules/com.bea.core.utils.jar/weblogic/utils/io/oif/WebLogicFilterConfig$FilterMode.class" name="com.bea.core.utils.jar" path="%ORACLE_HOME%/%SYMBOL%/modules" shaolue="C390D1E7B9009338AEAC2DB4B890FD8803503B0C"/>
        <jar class_name="modules/com.bea.core.utils.jar/weblogic/utils/io/oif/WebLogicFilterConfig$FilterScope.class" name="com.bea.core.utils.jar" path="%ORACLE_HOME%/%SYMBOL%/modules" shaolue="26CAD253EBFF7CFBE4D5E347A3E185E0B4C1684D"/>
        <jar class_name="modules/com.bea.core.utils.jar/weblogic/utils/io/oif/WebLogicFilterConfig.class" name="com.bea.core.utils.jar" path="%ORACLE_HOME%/%SYMBOL%/modules" shaolue="636FA95EFDE11D2BB861660A7D4D044D9C3AE17F"/>
    </oracle.wls.jrf.tenancy.common.sharedlib>
    <oracle.fmwconfig.common.wls.shared.internal opt_req="O" symbol="fmwconfig.common.symbol" version="12.2.1.3.0">
        <jar class_name="modules/com.oracle.cie.config-wls-external_8.6.0.0.jar/com/oracle/cie/domain/CIEImplClassLoader.class" name="com.oracle.cie.config-wls-external_8.6.0.0.jar" path="%ORACLE_HOME%/%SYMBOL%/modules" shaolue="62BDD1C0CC68CDB8D383F2ADC5C94242CB4AD5DA"/>
    </oracle.fmwconfig.common.wls.shared.internal>
    <oracle.wls.rcu opt_req="O" version="12.2.1.3.0">
        <copy file_name="inventory/Components/oracle.wls.rcu/12.2.1.3.0/patches/21933966/compDef.xml" name="compDef.xml" path="%ORACLE_HOME%/inventory/Components/oracle.wls.rcu/12.2.1.3.0/patches/21933966" retain_permission="true" shaolue="C022080B1C869E9EAFD9724C3981F6A9F8064D99"/>
    </oracle.wls.rcu>
    <oracle.wls.rcu opt_req="O" symbol="wls.common.symbol" version="12.2.1.3.0">
        <copy file_name="common/sql/wlsservices/sql/cleanup.sql" name="cleanup.sql" path="%ORACLE_HOME%/%SYMBOL%/common/sql/wlsservices/sql" retain_permission="true" shaolue="C2C38142C2F1A3EA00143509B08C49F0EA70DB8B"/>
        <copy file_name="common/sql/wlsservices/wlsservices.xml" name="wlsservices.xml" path="%ORACLE_HOME%/%SYMBOL%/common/sql/wlsservices" retain_permission="true" shaolue="1900A5E404401E5C95BA087248EAFF66270B82D3"/>
    </oracle.wls.rcu>
    <oracle.wls.common.cam.wlst opt_req="O" symbol="wls.common.cam.symbol" version="12.2.1.3.0">
        <jar class_name="modules/com.oracle.weblogic.management.beanimpls.jar/weblogic/management/configuration/ManagedExternalServerStartMBeanImplBeanInfo.class" name="com.oracle.weblogic.management.beanimpls.jar" path="%ORACLE_HOME%/%SYMBOL%/modules" shaolue="F84E33C074BC1624E52A3A5F0F026DCE291E15E0"/>
    </oracle.wls.common.cam.wlst>
    <oracle.fmwconfig.common.wls.shared opt_req="O" symbol="fmwconfig.common.symbol" version="12.2.1.3.0">
        <jar class_name="modules/com.oracle.cie.config-wls-external_8.6.0.0.jar/com/oracle/cie/domain/CIEImplClassLoader.class" name="com.oracle.cie.config-wls-external_8.6.0.0.jar" path="%ORACLE_HOME%/%SYMBOL%/modules" shaolue="62BDD1C0CC68CDB8D383F2ADC5C94242CB4AD5DA"/>
    </oracle.fmwconfig.common.wls.shared>
    <oracle.wls.security.core.sharedlib opt_req="O" symbol="wls.common.symbol" version="12.2.1.3.0">
        <jar class_name="lib/schematypes/OracleIdentityCloudIntegratorProviders.schema.jar/com/oracle/xmlns/weblogic/security/idcs/OracleIdentityCloudIntegratorType$Factory.class" name="OracleIdentityCloudIntegratorProviders.schema.jar" path="%ORACLE_HOME%/%SYMBOL%/lib/schematypes" shaolue="97670A323511D07E03F8CD616EDFC40D19474C39"/>
        <jar class_name="lib/schematypes/OracleIdentityCloudIntegratorProviders.schema.jar/com/oracle/xmlns/weblogic/security/idcs/OracleIdentityCloudIntegratorType$TokenClockSkew$Factory.class" name="OracleIdentityCloudIntegratorProviders.schema.jar" path="%ORACLE_HOME%/%SYMBOL%/lib/schematypes" shaolue="C70D99BFDA88EA2B5A3FFF216EAED13E50BC93DC"/>
        <jar class_name="lib/schematypes/OracleIdentityCloudIntegratorProviders.schema.jar/com/oracle/xmlns/weblogic/security/idcs/OracleIdentityCloudIntegratorType$TokenClockSkew.class" name="OracleIdentityCloudIntegratorProviders.schema.jar" path="%ORACLE_HOME%/%SYMBOL%/lib/schematypes" shaolue="030E1AE590E42D67F5DB2252259A1E5248FEE875"/>
        <jar class_name="lib/schematypes/OracleIdentityCloudIntegratorProviders.schema.jar/com/oracle/xmlns/weblogic/security/idcs/OracleIdentityCloudIntegratorType$TokenValidationLevel$Enum.class" name="OracleIdentityCloudIntegratorProviders.schema.jar" path="%ORACLE_HOME%/%SYMBOL%/lib/schematypes" shaolue="8036E2F051029822913187DC41C787920C0F8B59"/>
        <jar class_name="lib/schematypes/OracleIdentityCloudIntegratorProviders.schema.jar/com/oracle/xmlns/weblogic/security/idcs/OracleIdentityCloudIntegratorType$TokenValidationLevel$Factory.class" name="OracleIdentityCloudIntegratorProviders.schema.jar" path="%ORACLE_HOME%/%SYMBOL%/lib/schematypes" shaolue="AFFAF5CC34FF47FC59AD1F20203D722E29F98505"/>
        <jar class_name="lib/schematypes/OracleIdentityCloudIntegratorProviders.schema.jar/com/oracle/xmlns/weblogic/security/idcs/OracleIdentityCloudIntegratorType$TokenValidationLevel.class" name="OracleIdentityCloudIntegratorProviders.schema.jar" path="%ORACLE_HOME%/%SYMBOL%/lib/schematypes" shaolue="628FB2288D4E4E247F0358949936933E8BCAD2F6"/>
        <jar class_name="lib/schematypes/OracleIdentityCloudIntegratorProviders.schema.jar/com/oracle/xmlns/weblogic/security/idcs/OracleIdentityCloudIntegratorType.class" name="OracleIdentityCloudIntegratorProviders.schema.jar" path="%ORACLE_HOME%/%SYMBOL%/lib/schematypes" shaolue="06D1B5215FDDC10868EFA3B2319A45D1263015A9"/>
        <jar class_name="lib/schematypes/OracleIdentityCloudIntegratorProviders.schema.jar/com/oracle/xmlns/weblogic/security/idcs/impl/OracleIdentityCloudIntegratorTypeImpl$TokenClockSkewImpl.class" name="OracleIdentityCloudIntegratorProviders.schema.jar" path="%ORACLE_HOME%/%SYMBOL%/lib/schematypes" shaolue="11BF199B7F5EAEE439849A81D70D40146F268029"/>
        <jar class_name="lib/schematypes/OracleIdentityCloudIntegratorProviders.schema.jar/com/oracle/xmlns/weblogic/security/idcs/impl/OracleIdentityCloudIntegratorTypeImpl$TokenValidationLevelImpl.class" name="OracleIdentityCloudIntegratorProviders.schema.jar" path="%ORACLE_HOME%/%SYMBOL%/lib/schematypes" shaolue="F471B4452895E0E720DB6F8B3DE8B2A416450319"/>
        <jar class_name="lib/schematypes/OracleIdentityCloudIntegratorProviders.schema.jar/com/oracle/xmlns/weblogic/security/idcs/impl/OracleIdentityCloudIntegratorTypeImpl.class" name="OracleIdentityCloudIntegratorProviders.schema.jar" path="%ORACLE_HOME%/%SYMBOL%/lib/schematypes" shaolue="1BF49ABCA0B63558F564321ADA6CA51B934BB17D"/>
        <jar class_name="lib/schematypes/OracleIdentityCloudIntegratorProviders.schema.jar/schemaorg_apache_xmlbeans/system/OracleIdentityCloudIntegrator/oracleidentitycloudintegratortype3bfdtype.xsb" name="OracleIdentityCloudIntegratorProviders.schema.jar" path="%ORACLE_HOME%/%SYMBOL%/lib/schematypes" shaolue="CF67D1DAC43732122B74718BAA14FEB6D610FBC8"/>
    </oracle.wls.security.core.sharedlib>
    <oracle.webservices.wls opt_req="O" version="12.2.1.3.0">
        <copy file_name="inventory/Components/oracle.webservices.wls/12.2.1.3.0/patches/21933966/compDef.xml" name="compDef.xml" path="%ORACLE_HOME%/inventory/Components/oracle.webservices.wls/12.2.1.3.0/patches/21933966" retain_permission="true" shaolue="2B7C50FC18D5BD6F220CE325CD8CB892DA1B397E"/>
    </oracle.webservices.wls>
    <oracle.webservices.wls opt_req="O" symbol="jrf.symbol" version="12.2.1.3.0">
        <jar class_name="modules/com.oracle.webservices.wls.ws-testclient-app-wls.ear/ws-testclient-app.war/WEB-INF/lib/ws-testpage-impl.jar/com/oracle/webservices/testclient/core/ws/wsdlparser/WSDLReaderFactory.class" name="com.oracle.webservices.wls.ws-testclient-app-wls.ear:ws-testclient-app.war:ws-testpage-impl.jar" path="%ORACLE_HOME%/%SYMBOL%/modules" shaolue="2AD55F71BA2B67C7FE00DA11C9442509BA1CC22F"/>
        <jar class_name="modules/com.oracle.webservices.wls.wls-soap-stack-impl.jar/weblogic/wsee/policy/runtime/schema/BuiltinPolicyListFactory.class" name="com.oracle.webservices.wls.wls-soap-stack-impl.jar" path="%ORACLE_HOME%/%SYMBOL%/modules" shaolue="2E0EE3E6911AD05C73CC902DD3A709E96493B021"/>
        <jar class_name="modules/com.oracle.webservices.wls.wls-soap-stack-impl.jar/weblogic/wsee/workarea/WorkContextXmlInputAdapter$1.class" name="com.oracle.webservices.wls.wls-soap-stack-impl.jar" path="%ORACLE_HOME%/%SYMBOL%/modules" shaolue="337865969EF3475C961EDDC5736E18EE5F4E2562"/>
        <jar class_name="modules/com.oracle.webservices.wls.wls-soap-stack-impl.jar/weblogic/wsee/workarea/WorkContextXmlInputAdapter.class" name="com.oracle.webservices.wls.wls-soap-stack-impl.jar" path="%ORACLE_HOME%/%SYMBOL%/modules" shaolue="724A9A48A15ECD147C746ABE08EAF2A751362594"/>
    </oracle.webservices.wls>
    <oracle.webservices.wls opt_req="O" symbol="wls.server.symbol" version="12.2.1.3.0">
        <copy file_name="plugins/jdeveloper/libraries/WebLogic_12.1_Remote_Client_from_ws.exports" name="WebLogic_12.1_Remote_Client_from_ws.exports" path="%ORACLE_HOME%/%SYMBOL%/plugins/jdeveloper/libraries" retain_permission="true" shaolue="46576F11D80B968FC92F541A51A04342F7CD387C"/>
        <copy file_name="plugins/jdeveloper/libraries/JAX-WS_Web_Services_from_ws.exports" name="JAX-WS_Web_Services_from_ws.exports" path="%ORACLE_HOME%/%SYMBOL%/plugins/jdeveloper/libraries" retain_permission="true" shaolue="46576F11D80B968FC92F541A51A04342F7CD387C"/>
        <copy file_name="plugins/jdeveloper/libraries/JAX-RS_Jersey_2.x_from_ws.exports" name="JAX-RS_Jersey_2.x_from_ws.exports" path="%ORACLE_HOME%/%SYMBOL%/plugins/jdeveloper/libraries" retain_permission="true" shaolue="3C6D847FB66BD2EF3CA7FF08EA7F7B8A20D1862E"/>
        <copy file_name="plugins/jdeveloper/libraries/JAX-WS_Client_from_ws.exports" name="JAX-WS_Client_from_ws.exports" path="%ORACLE_HOME%/%SYMBOL%/plugins/jdeveloper/libraries" retain_permission="true" shaolue="FF58D9EC80C1EB6A51D52073A9F19B151743F2B8"/>
    </oracle.webservices.wls>
    <oracle.commons.fileupload.commons.fileupload opt_req="O" version="1.3.2.0.0">
        <copy file_name="inventory/Components/oracle.commons.fileupload.commons.fileupload/1.3.2.0.0/patches/21933966/compDef.xml" name="compDef.xml" path="%ORACLE_HOME%/inventory/Components/oracle.commons.fileupload.commons.fileupload/1.3.2.0.0/patches/21933966" retain_permission="true" shaolue="C9D256A0CAF11A2F3595EF9A7DBD68197F5FA2BD"/>
    </oracle.commons.fileupload.commons.fileupload>
    <oracle.commons.fileupload.commons.fileupload opt_req="O" symbol="thirdparty.symbol" version="1.3.2.0.0">
        <copy file_name="modules/thirdparty/commons-fileupload-1.3.2.jar" name="commons-fileupload-1.3.2.jar" path="%ORACLE_HOME%/%SYMBOL%/modules/thirdparty" retain_permission="true" shaolue="04FF14D809195B711FD6BCC87E6777F886730CA1"/>
    </oracle.commons.fileupload.commons.fileupload>
    <oracle.wls.core.app.server opt_req="O" version="12.2.1.3.0">
        <copy file_name="inventory/Components/oracle.wls.core.app.server/12.2.1.3.0/patches/21933966/compDef.xml" name="compDef.xml" path="%ORACLE_HOME%/inventory/Components/oracle.wls.core.app.server/12.2.1.3.0/patches/21933966" retain_permission="true" shaolue="244EAFFEC6A2292AEF2AC7B476607BC5F1E64271"/>
    </oracle.wls.core.app.server>
    <oracle.wls.core.app.server opt_req="O" symbol="wls.server.symbol" version="12.2.1.3.0">
        <jar class_name="modules/com.oracle.weblogic.security.providers.env.jar/weblogic/security/providers/authentication/OracleIdentityCloudIntegratorMBean.class" name="com.oracle.weblogic.security.providers.env.jar" path="%ORACLE_HOME%/%SYMBOL%/modules" shaolue="1385EC55AB25588789A6B60D86E3D1EC859B87C4"/>
        <jar class_name="modules/com.oracle.weblogic.security.service.utils.providers.xacml.jar/com/bea/security/xacml/policy/StandardPolicyEvaluatorFactory$1.class" name="com.oracle.weblogic.security.service.utils.providers.xacml.jar" path="%ORACLE_HOME%/%SYMBOL%/modules" shaolue="C872F170AEE0EDC2611093DDB4521A9C709F0199"/>
        <jar class_name="modules/com.oracle.weblogic.security.service.utils.providers.xacml.jar/com/bea/security/xacml/policy/StandardPolicyEvaluatorFactory$10.class" name="com.oracle.weblogic.security.service.utils.providers.xacml.jar" path="%ORACLE_HOME%/%SYMBOL%/modules" shaolue="6814E61D9A2D658B73EE86B9724E439FE93ED9C0"/>
        <jar class_name="modules/com.oracle.weblogic.security.service.utils.providers.xacml.jar/com/bea/security/xacml/policy/StandardPolicyEvaluatorFactory$11.class" name="com.oracle.weblogic.security.service.utils.providers.xacml.jar" path="%ORACLE_HOME%/%SYMBOL%/modules" shaolue="DFEC21605D0F03CF6DCC66E1DD0C5EB2C2FD863F"/>
        <jar class_name="modules/com.oracle.weblogic.security.service.utils.providers.xacml.jar/com/bea/security/xacml/policy/StandardPolicyEvaluatorFactory$2.class" name="com.oracle.weblogic.security.service.utils.providers.xacml.jar" path="%ORACLE_HOME%/%SYMBOL%/modules" shaolue="239E8177CE76E0E88008B63FA554542F2C1BB47B"/>
        <jar class_name="modules/com.oracle.weblogic.security.service.utils.providers.xacml.jar/com/bea/security/xacml/policy/StandardPolicyEvaluatorFactory$3.class" name="com.oracle.weblogic.security.service.utils.providers.xacml.jar" path="%ORACLE_HOME%/%SYMBOL%/modules" shaolue="2427F20D50F5AD7F25AF798C48C9DFE9AF4F16A1"/>
        <jar class_name="modules/com.oracle.weblogic.security.service.utils.providers.xacml.jar/com/bea/security/xacml/policy/StandardPolicyEvaluatorFactory$4.class" name="com.oracle.weblogic.security.service.utils.providers.xacml.jar" path="%ORACLE_HOME%/%SYMBOL%/modules" shaolue="B2B690F22088D675520651715A3802B0CD225AC9"/>
        <jar class_name="modules/com.oracle.weblogic.security.service.utils.providers.xacml.jar/com/bea/security/xacml/policy/StandardPolicyEvaluatorFactory$5.class" name="com.oracle.weblogic.security.service.utils.providers.xacml.jar" path="%ORACLE_HOME%/%SYMBOL%/modules" shaolue="142E33F76C10AEC2960E641F843D46BEF0ECFA52"/>
        <jar class_name="modules/com.oracle.weblogic.security.service.utils.providers.xacml.jar/com/bea/security/xacml/policy/StandardPolicyEvaluatorFactory$6.class" name="com.oracle.weblogic.security.service.utils.providers.xacml.jar" path="%ORACLE_HOME%/%SYMBOL%/modules" shaolue="3D01D17183249B812EDAE6F2EA953E8FE1746E8D"/>
        <jar class_name="modules/com.oracle.weblogic.security.service.utils.providers.xacml.jar/com/bea/security/xacml/policy/StandardPolicyEvaluatorFactory$7.class" name="com.oracle.weblogic.security.service.utils.providers.xacml.jar" path="%ORACLE_HOME%/%SYMBOL%/modules" shaolue="4525A02CCA69BA88FC5247D264F1D763606EB87A"/>
        <jar class_name="modules/com.oracle.weblogic.security.service.utils.providers.xacml.jar/com/bea/security/xacml/policy/StandardPolicyEvaluatorFactory$8.class" name="com.oracle.weblogic.security.service.utils.providers.xacml.jar" path="%ORACLE_HOME%/%SYMBOL%/modules" shaolue="EBC2AC4BA81542390FE356DD2178FA14AF7F6692"/>
        <jar class_name="modules/com.oracle.weblogic.security.service.utils.providers.xacml.jar/com/bea/security/xacml/policy/StandardPolicyEvaluatorFactory$9.class" name="com.oracle.weblogic.security.service.utils.providers.xacml.jar" path="%ORACLE_HOME%/%SYMBOL%/modules" shaolue="234F6B127AE9B5BA317D8BEECED20A1D4FEF2338"/>
        <jar class_name="modules/com.oracle.weblogic.security.service.utils.providers.xacml.jar/com/bea/security/xacml/policy/StandardPolicyEvaluatorFactory.class" name="com.oracle.weblogic.security.service.utils.providers.xacml.jar" path="%ORACLE_HOME%/%SYMBOL%/modules" shaolue="B672882B734F18343FE24AAF9F96AFC071080390"/>
        <jar class_name="modules/com.oracle.weblogic.diagnostics.partition.jar/weblogic/diagnostics/snmp/mib/BEA-WEBLOGIC-MIB.xml" name="com.oracle.weblogic.diagnostics.partition.jar" path="%ORACLE_HOME%/%SYMBOL%/modules" shaolue="5BA6DB7E0D6896D83431F1029E4AAC1589EABA74"/>
        <jar class_name="modules/weblogic-L10N_ja.jar/weblogic/entitlement/rules/PredicateTextLocalizer_ja.properties" name="weblogic-L10N_ja.jar" path="%ORACLE_HOME%/%SYMBOL%/modules" shaolue="9C0BA78AD4349729E6CDD2A229CB2F83A281F553"/>
        <jar class_name="modules/com.oracle.weblogic.security.service.authentication.jar/com/bea/common/security/internal/service/CallbackHandlerWrapper.class" name="com.oracle.weblogic.security.service.authentication.jar" path="%ORACLE_HOME%/%SYMBOL%/modules" shaolue="51A30143AF595D553597839D849D6D45FE186914"/>
        <jar class_name="modules/com.oracle.weblogic.security.service.authentication.jar/com/bea/common/security/internal/service/LoginModuleWrapper$1.class" name="com.oracle.weblogic.security.service.authentication.jar" path="%ORACLE_HOME%/%SYMBOL%/modules" shaolue="46129A5B241CC7FEFA187865AE55C1FB36E2F622"/>
        <jar class_name="modules/com.oracle.weblogic.security.service.authentication.jar/com/bea/common/security/internal/service/LoginModuleWrapper$2.class" name="com.oracle.weblogic.security.service.authentication.jar" path="%ORACLE_HOME%/%SYMBOL%/modules" shaolue="EEA5CD18A761EF29571C4FF41D0C48B0ABD56B99"/>
        <jar class_name="modules/com.oracle.weblogic.security.service.authentication.jar/com/bea/common/security/internal/service/LoginModuleWrapper$3.class" name="com.oracle.weblogic.security.service.authentication.jar" path="%ORACLE_HOME%/%SYMBOL%/modules" shaolue="CF239A521EAA2C2E6D2CBB4277845CB97F623C72"/>
        <jar class_name="modules/com.oracle.weblogic.security.service.authentication.jar/com/bea/common/security/internal/service/LoginModuleWrapper$4.class" name="com.oracle.weblogic.security.service.authentication.jar" path="%ORACLE_HOME%/%SYMBOL%/modules" shaolue="F31A90557DA83445C4D43DED79B4595A81FD6206"/>
        <jar class_name="modules/com.oracle.weblogic.security.service.authentication.jar/com/bea/common/security/internal/service/LoginModuleWrapper$DelegateInitializer.class" name="com.oracle.weblogic.security.service.authentication.jar" path="%ORACLE_HOME%/%SYMBOL%/modules" shaolue="B7023570829C906D2CC1882939E245613C09C2FD"/>
        <jar class_name="modules/com.oracle.weblogic.security.service.authentication.jar/com/bea/common/security/internal/service/LoginModuleWrapper.class" name="com.oracle.weblogic.security.service.authentication.jar" path="%ORACLE_HOME%/%SYMBOL%/modules" shaolue="37B8CF452033A98A5CE78646AE5D6062DF8CDD73"/>
        <jar class_name="modules/org.apache.openjpa.jar/org/apache/openjpa/kernel/AbstractBrokerFactory$1.class" name="org.apache.openjpa.jar" path="%ORACLE_HOME%/%SYMBOL%/modules" shaolue="9662B1E238C99D5A55D9E9CE64A41519F3EFE3ED"/>
        <jar class_name="modules/org.apache.openjpa.jar/org/apache/openjpa/kernel/AbstractBrokerFactory$RemoveTransactionSync.class" name="org.apache.openjpa.jar" path="%ORACLE_HOME%/%SYMBOL%/modules" shaolue="8D26F3F53CAF4A979A4BE9E09DEC7680E6DA532D"/>
        <jar class_name="modules/org.apache.openjpa.jar/org/apache/openjpa/kernel/AbstractBrokerFactory.class" name="org.apache.openjpa.jar" path="%ORACLE_HOME%/%SYMBOL%/modules" shaolue="1677083E44CABFC0743448636D081397A7670BB7"/>
        <jar class_name="modules/com.oracle.weblogic.security.service.utils.providers.jar/weblogic/security/providers/authentication/IDCSConfiguration.class" name="com.oracle.weblogic.security.service.utils.providers.jar" path="%ORACLE_HOME%/%SYMBOL%/modules" shaolue="EE64F4F7C8EC886252EB2E35E2E026F91A9E4A03"/>
        <jar class_name="modules/com.oracle.weblogic.security.service.utils.providers.jar/weblogic/security/providers/authentication/IDCSKeyManager.class" name="com.oracle.weblogic.security.service.utils.providers.jar" path="%ORACLE_HOME%/%SYMBOL%/modules" shaolue="5B15CB15415D1FFD0BB73BC4E168FB68E4794C9A"/>
        <jar class_name="modules/com.oracle.weblogic.security.service.utils.providers.jar/weblogic/security/providers/authentication/IDCSMetadataHolder.class" name="com.oracle.weblogic.security.service.utils.providers.jar" path="%ORACLE_HOME%/%SYMBOL%/modules" shaolue="9F40ACAB8A34B32CFCF0EF405D6F949853FFF9F3"/>
        <jar class_name="modules/com.oracle.weblogic.security.service.utils.providers.jar/weblogic/security/providers/authentication/IDCSProviderManager.class" name="com.oracle.weblogic.security.service.utils.providers.jar" path="%ORACLE_HOME%/%SYMBOL%/modules" shaolue="1505EDE8B40C9391D22F092788AAE33F6A049BA8"/>
        <jar class_name="modules/com.oracle.weblogic.security.service.utils.providers.jar/weblogic/security/providers/authentication/OAuthAccessTokenManager.class" name="com.oracle.weblogic.security.service.utils.providers.jar" path="%ORACLE_HOME%/%SYMBOL%/modules" shaolue="31B25B82FD6CA76C771F6F752F8FAC97A1FA5CE0"/>
        <jar class_name="server/lib/mbeantypes/OracleIdentityCloudIntegratorProviders.jar/META-INF/binding-file.ser" name="OracleIdentityCloudIntegratorProviders.jar" path="%ORACLE_HOME%/%SYMBOL%/server/lib/mbeantypes" shaolue="E3AE492D4B5702F53F4D48E4A66614C9E7F1B48E"/>
        <jar class_name="server/lib/mbeantypes/OracleIdentityCloudIntegratorProviders.jar/META-INF/binding-file.xml" name="OracleIdentityCloudIntegratorProviders.jar" path="%ORACLE_HOME%/%SYMBOL%/server/lib/mbeantypes" shaolue="EAE76CB6D4A18E433122FD4B7F846F79E7E00BD4"/>
        <jar class_name="server/lib/mbeantypes/OracleIdentityCloudIntegratorProviders.jar/META-INF/schemas/schema-0.xsd" name="OracleIdentityCloudIntegratorProviders.jar" path="%ORACLE_HOME%/%SYMBOL%/server/lib/mbeantypes" shaolue="EDCBAADDC1F71AD3644BFBB97AC3690D487F46F7"/>
        <jar class_name="server/lib/mbeantypes/OracleIdentityCloudIntegratorProviders.jar/OracleIdentityCloudIntegrator-doc.xml" name="OracleIdentityCloudIntegratorProviders.jar" path="%ORACLE_HOME%/%SYMBOL%/server/lib/mbeantypes" shaolue="88B500D36A291C5AD1F4AE1FE8109DB82D9726F9"/>
        <jar class_name="server/lib/mbeantypes/OracleIdentityCloudIntegratorProviders.jar/OracleIdentityCloudIntegrator.xml" name="OracleIdentityCloudIntegratorProviders.jar" path="%ORACLE_HOME%/%SYMBOL%/server/lib/mbeantypes" shaolue="651451B535C711196B38B19E20BFC0E196E12A8A"/>
        <jar class_name="server/lib/mbeantypes/OracleIdentityCloudIntegratorProviders.jar/schemacom_bea_xml/system/cloud_integrator_sp/oracleidentitycloudintegratortype3bfdtype.xsb" name="OracleIdentityCloudIntegratorProviders.jar" path="%ORACLE_HOME%/%SYMBOL%/server/lib/mbeantypes" shaolue="66C81E43BFD703BE5D0317ED9992C4E9196A9AFB"/>
        <jar class_name="server/lib/mbeantypes/OracleIdentityCloudIntegratorProviders.jar/weblogic/security/providers/authentication/IDCSAtnLoginModuleImpl$1.class" name="OracleIdentityCloudIntegratorProviders.jar" path="%ORACLE_HOME%/%SYMBOL%/server/lib/mbeantypes" shaolue="3947BF686011163ACBDD64BB3153EE84E0BEE4E5"/>
        <jar class_name="server/lib/mbeantypes/OracleIdentityCloudIntegratorProviders.jar/weblogic/security/providers/authentication/IDCSAtnLoginModuleImpl$2.class" name="OracleIdentityCloudIntegratorProviders.jar" path="%ORACLE_HOME%/%SYMBOL%/server/lib/mbeantypes" shaolue="5F5C6FE305E402C1A765874B2157257135D7686D"/>
        <jar class_name="server/lib/mbeantypes/OracleIdentityCloudIntegratorProviders.jar/weblogic/security/providers/authentication/IDCSAtnLoginModuleImpl.class" name="OracleIdentityCloudIntegratorProviders.jar" path="%ORACLE_HOME%/%SYMBOL%/server/lib/mbeantypes" shaolue="BD82A3788185D0C57654C1F05B196927A50D2D14"/>
        <jar class_name="server/lib/mbeantypes/OracleIdentityCloudIntegratorProviders.jar/weblogic/security/providers/authentication/IDCSConfigurationImpl$1.class" name="OracleIdentityCloudIntegratorProviders.jar" path="%ORACLE_HOME%/%SYMBOL%/server/lib/mbeantypes" shaolue="01EDFA4391C37E4FF2C0EC07D9275D7C94E0CA1F"/>
        <jar class_name="server/lib/mbeantypes/OracleIdentityCloudIntegratorProviders.jar/weblogic/security/providers/authentication/IDCSConfigurationImpl.class" name="OracleIdentityCloudIntegratorProviders.jar" path="%ORACLE_HOME%/%SYMBOL%/server/lib/mbeantypes" shaolue="0E6AACEFA5867B421D0AEDF1671F21F59D0E61C3"/>
        <jar class_name="server/lib/mbeantypes/OracleIdentityCloudIntegratorProviders.jar/weblogic/security/providers/authentication/IDCSEmptyMetadataHolderImpl.class" name="OracleIdentityCloudIntegratorProviders.jar" path="%ORACLE_HOME%/%SYMBOL%/server/lib/mbeantypes" shaolue="DDD2ADE012D3782F74D314C78BEA9D9C65B93296"/>
        <jar class_name="server/lib/mbeantypes/OracleIdentityCloudIntegratorProviders.jar/weblogic/security/providers/authentication/IDCSExceptionHandler.class" name="OracleIdentityCloudIntegratorProviders.jar" path="%ORACLE_HOME%/%SYMBOL%/server/lib/mbeantypes" shaolue="B5FD6A784A752FEDCF2845F61F4B10AFAD7CA73B"/>
        <jar class_name="server/lib/mbeantypes/OracleIdentityCloudIntegratorProviders.jar/weblogic/security/providers/authentication/IDCSFilterServiceImpl.class" name="OracleIdentityCloudIntegratorProviders.jar" path="%ORACLE_HOME%/%SYMBOL%/server/lib/mbeantypes" shaolue="9246B9485E419284C7EBE71D7170AC7FED0BC64D"/>
        <jar class_name="server/lib/mbeantypes/OracleIdentityCloudIntegratorProviders.jar/weblogic/security/providers/authentication/IDCSGroupAccess.class" name="OracleIdentityCloudIntegratorProviders.jar" path="%ORACLE_HOME%/%SYMBOL%/server/lib/mbeantypes" shaolue="3BF6A5A1C49A01574C493D4DA6B5FE7149F71F9C"/>
        <jar class_name="server/lib/mbeantypes/OracleIdentityCloudIntegratorProviders.jar/weblogic/security/providers/authentication/IDCSIdentityAsserter.class" name="OracleIdentityCloudIntegratorProviders.jar" path="%ORACLE_HOME%/%SYMBOL%/server/lib/mbeantypes" shaolue="C32F90A42E7C48B1E9026A4C835FC489EB88DC60"/>
        <jar class_name="server/lib/mbeantypes/OracleIdentityCloudIntegratorProviders.jar/weblogic/security/providers/authentication/IDCSKeyManagerImpl.class" name="OracleIdentityCloudIntegratorProviders.jar" path="%ORACLE_HOME%/%SYMBOL%/server/lib/mbeantypes" shaolue="0D660AAED8B865489A2B5E7B4415314E3A4D4B74"/>
        <jar class_name="server/lib/mbeantypes/OracleIdentityCloudIntegratorProviders.jar/weblogic/security/providers/authentication/IDCSMetadataHolderImpl.class" name="OracleIdentityCloudIntegratorProviders.jar" path="%ORACLE_HOME%/%SYMBOL%/server/lib/mbeantypes" shaolue="69ACFC4F37D128BCC2C86F4BAB110039441904A1"/>
        <jar class_name="server/lib/mbeantypes/OracleIdentityCloudIntegratorProviders.jar/weblogic/security/providers/authentication/IDCSProviderManagerHelper.class" name="OracleIdentityCloudIntegratorProviders.jar" path="%ORACLE_HOME%/%SYMBOL%/server/lib/mbeantypes" shaolue="40C8CAFA3C0ABB872B0B179F0E3517407DAC7952"/>
        <jar class_name="server/lib/mbeantypes/OracleIdentityCloudIntegratorProviders.jar/weblogic/security/providers/authentication/IDCSProviderManagerImpl$1.class" name="OracleIdentityCloudIntegratorProviders.jar" path="%ORACLE_HOME%/%SYMBOL%/server/lib/mbeantypes" shaolue="D3D0B4781EB9DB0F4DBF4F40FC1059949BCBDD72"/>
        <jar class_name="server/lib/mbeantypes/OracleIdentityCloudIntegratorProviders.jar/weblogic/security/providers/authentication/IDCSProviderManagerImpl$2.class" name="OracleIdentityCloudIntegratorProviders.jar" path="%ORACLE_HOME%/%SYMBOL%/server/lib/mbeantypes" shaolue="99D6A85C76DD5678201070AC56BDC2380F50F778"/>
        <jar class_name="server/lib/mbeantypes/OracleIdentityCloudIntegratorProviders.jar/weblogic/security/providers/authentication/IDCSProviderManagerImpl.class" name="OracleIdentityCloudIntegratorProviders.jar" path="%ORACLE_HOME%/%SYMBOL%/server/lib/mbeantypes" shaolue="F6D5AA081930816E56ECF60C57559F6DA282B9B2"/>
        <jar class_name="server/lib/mbeantypes/OracleIdentityCloudIntegratorProviders.jar/weblogic/security/providers/authentication/IDCSTokenAssertImpl$1.class" name="OracleIdentityCloudIntegratorProviders.jar" path="%ORACLE_HOME%/%SYMBOL%/server/lib/mbeantypes" shaolue="A27A4DEB7C7C0C8E7A1787DECD8FA3C3FB1A1746"/>
        <jar class_name="server/lib/mbeantypes/OracleIdentityCloudIntegratorProviders.jar/weblogic/security/providers/authentication/IDCSTokenAssertImpl$TokenCacheKey.class" name="OracleIdentityCloudIntegratorProviders.jar" path="%ORACLE_HOME%/%SYMBOL%/server/lib/mbeantypes" shaolue="98A8FB7AA953C4E2E04C01033FF3A22AD48356DC"/>
        <jar class_name="server/lib/mbeantypes/OracleIdentityCloudIntegratorProviders.jar/weblogic/security/providers/authentication/IDCSTokenAssertImpl.class" name="OracleIdentityCloudIntegratorProviders.jar" path="%ORACLE_HOME%/%SYMBOL%/server/lib/mbeantypes" shaolue="1192D6BB52ABD972A0E20F2D50DAF5F2FE50D518"/>
        <jar class_name="server/lib/mbeantypes/OracleIdentityCloudIntegratorProviders.jar/weblogic/security/providers/authentication/IDCSUserAsserter$UserCacheKey.class" name="OracleIdentityCloudIntegratorProviders.jar" path="%ORACLE_HOME%/%SYMBOL%/server/lib/mbeantypes" shaolue="F7F24B3732A7B57E3C99624D37FA69EC69E3A49E"/>
        <jar class_name="server/lib/mbeantypes/OracleIdentityCloudIntegratorProviders.jar/weblogic/security/providers/authentication/IDCSUserAsserter.class" name="OracleIdentityCloudIntegratorProviders.jar" path="%ORACLE_HOME%/%SYMBOL%/server/lib/mbeantypes" shaolue="1DE018C7FEDC9BB28C45930CF74D8EFB2BB3A66F"/>
        <jar class_name="server/lib/mbeantypes/OracleIdentityCloudIntegratorProviders.jar/weblogic/security/providers/authentication/OAuthAccessTokenManagerImpl$1.class" name="OracleIdentityCloudIntegratorProviders.jar" path="%ORACLE_HOME%/%SYMBOL%/server/lib/mbeantypes" shaolue="29DC69189454EF8822795A635ECB1BEC7F09BC8F"/>
        <jar class_name="server/lib/mbeantypes/OracleIdentityCloudIntegratorProviders.jar/weblogic/security/providers/authentication/OAuthAccessTokenManagerImpl$AccessTokenHolder.class" name="OracleIdentityCloudIntegratorProviders.jar" path="%ORACLE_HOME%/%SYMBOL%/server/lib/mbeantypes" shaolue="AF1FCF2B966284F7CE92CC8F017FE88642911A0A"/>
        <jar class_name="server/lib/mbeantypes/OracleIdentityCloudIntegratorProviders.jar/weblogic/security/providers/authentication/OAuthAccessTokenManagerImpl.class" name="OracleIdentityCloudIntegratorProviders.jar" path="%ORACLE_HOME%/%SYMBOL%/server/lib/mbeantypes" shaolue="4E55CF69F88C7DF4CDF114CF7240EB36A80B86A1"/>
        <jar class_name="server/lib/mbeantypes/OracleIdentityCloudIntegratorProviders.jar/weblogic/security/providers/authentication/OracleIdentityCloudIntegratorImpl.class" name="OracleIdentityCloudIntegratorProviders.jar" path="%ORACLE_HOME%/%SYMBOL%/server/lib/mbeantypes" shaolue="46F7197B6A0413CD39A4A373BA63243B7430E55C"/>
        <jar class_name="server/lib/mbeantypes/OracleIdentityCloudIntegratorProviders.jar/weblogic/security/providers/authentication/OracleIdentityCloudIntegratorMBean.class" name="OracleIdentityCloudIntegratorProviders.jar" path="%ORACLE_HOME%/%SYMBOL%/server/lib/mbeantypes" shaolue="1385EC55AB25588789A6B60D86E3D1EC859B87C4"/>
        <jar class_name="server/lib/mbeantypes/OracleIdentityCloudIntegratorProviders.jar/weblogic/security/providers/authentication/OracleIdentityCloudIntegratorMBeanImpl$Helper.class" name="OracleIdentityCloudIntegratorProviders.jar" path="%ORACLE_HOME%/%SYMBOL%/server/lib/mbeantypes" shaolue="B5000D90BDF06890C8DDCFBD0189A2517DBFB83C"/>
        <jar class_name="server/lib/mbeantypes/OracleIdentityCloudIntegratorProviders.jar/weblogic/security/providers/authentication/OracleIdentityCloudIntegratorMBeanImpl$SchemaHelper2.class" name="OracleIdentityCloudIntegratorProviders.jar" path="%ORACLE_HOME%/%SYMBOL%/server/lib/mbeantypes" shaolue="A84471B4D306CBB5685DF59BDB1230B1950B41EB"/>
        <jar class_name="server/lib/mbeantypes/OracleIdentityCloudIntegratorProviders.jar/weblogic/security/providers/authentication/OracleIdentityCloudIntegratorMBeanImpl.class" name="OracleIdentityCloudIntegratorProviders.jar" path="%ORACLE_HOME%/%SYMBOL%/server/lib/mbeantypes" shaolue="6FEDC9A74D046B5A3719AD4A32D7DF620B40A25B"/>
        <jar class_name="server/lib/mbeantypes/OracleIdentityCloudIntegratorProviders.jar/weblogic/security/providers/authentication/OracleIdentityCloudIntegratorMBeanImplBeanInfo.class" name="OracleIdentityCloudIntegratorProviders.jar" path="%ORACLE_HOME%/%SYMBOL%/server/lib/mbeantypes" shaolue="12230D68FAF79329CE7F23A5986A32F30BDA1E5C"/>
        <jar class_name="server/lib/wljmsra.rar/wlthint3client.jar/weblogic/jms/common/JMSConstants.class" name="wljmsra.rar:wlthint3client.jar" path="%ORACLE_HOME%/%SYMBOL%/server/lib" shaolue="79C5A27F192AF2113CD31F8EAE89F298222E6627"/>
        <jar class_name="server/lib/wljmsra.rar/wlthint3client.jar/weblogic/transaction/PeerExchangeTransaction.class" name="wljmsra.rar:wlthint3client.jar" path="%ORACLE_HOME%/%SYMBOL%/server/lib" shaolue="9479E238ED84BAA4660350FA4F9790D0916521E2"/>
        <jar class_name="server/lib/wljmsra.rar/wlthint3client.jar/weblogic/transaction/internal/ClientTransactionImpl.class" name="wljmsra.rar:wlthint3client.jar" path="%ORACLE_HOME%/%SYMBOL%/server/lib" shaolue="5C6E6CB3BFEAAE49F7879588AFF37FD399F0A4D4"/>
        <jar class_name="server/lib/wljmsra.rar/wlthint3client.jar/weblogic/transaction/internal/Constants.class" name="wljmsra.rar:wlthint3client.jar" path="%ORACLE_HOME%/%SYMBOL%/server/lib" shaolue="D3E4E17B201C2F24FEB6ADE1C3C2B580BDE04E22"/>
        <jar class_name="server/lib/wljmsra.rar/wlthint3client.jar/weblogic/transaction/internal/CoordinatorDescriptor.class" name="wljmsra.rar:wlthint3client.jar" path="%ORACLE_HOME%/%SYMBOL%/server/lib" shaolue="B6D8076E9637AA7F9EC28D0A150150E606B4FE1A"/>
        <jar class_name="server/lib/wljmsra.rar/wlthint3client.jar/weblogic/transaction/internal/CoordinatorFactory$1.class" name="wljmsra.rar:wlthint3client.jar" path="%ORACLE_HOME%/%SYMBOL%/server/lib" shaolue="78B013176AFC85DF6B88CD2FD9FFF8C9CA0AAABC"/>
        <jar class_name="server/lib/wljmsra.rar/wlthint3client.jar/weblogic/transaction/internal/CoordinatorFactory$JNDILookUpAction.class" name="wljmsra.rar:wlthint3client.jar" path="%ORACLE_HOME%/%SYMBOL%/server/lib" shaolue="293FE242CF519DE19ECB1998B8F56437E0F1F08B"/>
        <jar class_name="server/lib/wljmsra.rar/wlthint3client.jar/weblogic/transaction/internal/CoordinatorFactory.class" name="wljmsra.rar:wlthint3client.jar" path="%ORACLE_HOME%/%SYMBOL%/server/lib" shaolue="8B563540EC126C8A4D2EE61B22406315F6CB7876"/>
        <jar class_name="server/lib/wljmsra.rar/wlthint3client.jar/weblogic/transaction/internal/PlatformHelper$ArraySet.class" name="wljmsra.rar:wlthint3client.jar" path="%ORACLE_HOME%/%SYMBOL%/server/lib" shaolue="F39996056F8515F8122E9459A4BA1468658BF072"/>
        <jar class_name="server/lib/wljmsra.rar/wlthint3client.jar/weblogic/transaction/internal/PlatformHelper$ClusterStatus.class" name="wljmsra.rar:wlthint3client.jar" path="%ORACLE_HOME%/%SYMBOL%/server/lib" shaolue="F9FBD983E1A5500ED77A16BC85CF54EC05CC251C"/>
        <jar class_name="server/lib/wljmsra.rar/wlthint3client.jar/weblogic/transaction/internal/PlatformHelper$UnsyncByteArrayOutputStream.class" name="wljmsra.rar:wlthint3client.jar" path="%ORACLE_HOME%/%SYMBOL%/server/lib" shaolue="C706355C1201CB85591726A21B2AA94DB2D8E0F3"/>
        <jar class_name="server/lib/wljmsra.rar/wlthint3client.jar/weblogic/transaction/internal/PlatformHelper.class" name="wljmsra.rar:wlthint3client.jar" path="%ORACLE_HOME%/%SYMBOL%/server/lib" shaolue="C7F275AE2FC15FC0F9FF2CBAE0F3C3E70CB029E8"/>
        <jar class_name="server/lib/wljmsra.rar/wlthint3client.jar/weblogic/transaction/internal/PlatformHelperCommon$1.class" name="wljmsra.rar:wlthint3client.jar" path="%ORACLE_HOME%/%SYMBOL%/server/lib" shaolue="5CCC100343D6D00AECB8C5C7802E9FCF9F63CBAD"/>
        <jar class_name="server/lib/wljmsra.rar/wlthint3client.jar/weblogic/transaction/internal/PlatformHelperCommon$CloneableArraySet.class" name="wljmsra.rar:wlthint3client.jar" path="%ORACLE_HOME%/%SYMBOL%/server/lib" shaolue="B7E1499ADF45F83616815673B14AC0109A168DA7"/>
        <jar class_name="server/lib/wljmsra.rar/wlthint3client.jar/weblogic/transaction/internal/PlatformHelperCommon.class" name="wljmsra.rar:wlthint3client.jar" path="%ORACLE_HOME%/%SYMBOL%/server/lib" shaolue="718AFCDC59429A650CC5BB7B1749BE20E0A4A53E"/>
        <jar class_name="server/lib/wljmsra.rar/wlthint3client.jar/weblogic/transaction/internal/PropagationContext$1.class" name="wljmsra.rar:wlthint3client.jar" path="%ORACLE_HOME%/%SYMBOL%/server/lib" shaolue="4C2488A5BAD38ADC2ABDD1A34331CD7D5F8E63F7"/>
        <jar class_name="server/lib/wljmsra.rar/wlthint3client.jar/weblogic/transaction/internal/PropagationContext$TxObjectInputStream.class" name="wljmsra.rar:wlthint3client.jar" path="%ORACLE_HOME%/%SYMBOL%/server/lib" shaolue="C8EE9C1674916F0C1035918C9B1E15CC53AB40E4"/>
        <jar class_name="server/lib/wljmsra.rar/wlthint3client.jar/weblogic/transaction/internal/PropagationContext.class" name="wljmsra.rar:wlthint3client.jar" path="%ORACLE_HOME%/%SYMBOL%/server/lib" shaolue="21E11B3C6445C85F2B3B134DE69BBD101146A3BF"/>
        <jar class_name="server/lib/wljmsra.rar/wlthint3client.jar/weblogic/transaction/internal/TransactionImpl$1.class" name="wljmsra.rar:wlthint3client.jar" path="%ORACLE_HOME%/%SYMBOL%/server/lib" shaolue="F1FAF8C96795E35EEC96F179CB62A07D69FE43DE"/>
        <jar class_name="server/lib/wljmsra.rar/wlthint3client.jar/weblogic/transaction/internal/TransactionImpl$2.class" name="wljmsra.rar:wlthint3client.jar" path="%ORACLE_HOME%/%SYMBOL%/server/lib" shaolue="367F73077226F4F93918FB01C8BE370E8B028767"/>
        <jar class_name="server/lib/wljmsra.rar/wlthint3client.jar/weblogic/transaction/internal/TransactionImpl$3.class" name="wljmsra.rar:wlthint3client.jar" path="%ORACLE_HOME%/%SYMBOL%/server/lib" shaolue="C0088967385B247B2F9B60628EE71A20A5DD86CE"/>
        <jar class_name="server/lib/wljmsra.rar/wlthint3client.jar/weblogic/transaction/internal/TransactionImpl.class" name="wljmsra.rar:wlthint3client.jar" path="%ORACLE_HOME%/%SYMBOL%/server/lib" shaolue="2CBA76314C74A31F742EB4E39521FC91C522C1DE"/>
        <jar class_name="server/lib/wljmsra.rar/wlthint3client.jar/weblogic/utils/classloaders/FileSource.class" name="wljmsra.rar:wlthint3client.jar" path="%ORACLE_HOME%/%SYMBOL%/server/lib" shaolue="7DC83E3A55CA6B0CE57A78BEAD3FB1B057CAE073"/>
        <jar class_name="server/lib/wljmsra.rar/wlthint3client.jar/weblogic/utils/io/oif/WebLogicFilterConfig$FilterMode.class" name="wljmsra.rar:wlthint3client.jar" path="%ORACLE_HOME%/%SYMBOL%/server/lib" shaolue="C390D1E7B9009338AEAC2DB4B890FD8803503B0C"/>
        <jar class_name="server/lib/wljmsra.rar/wlthint3client.jar/weblogic/utils/io/oif/WebLogicFilterConfig$FilterScope.class" name="wljmsra.rar:wlthint3client.jar" path="%ORACLE_HOME%/%SYMBOL%/server/lib" shaolue="26CAD253EBFF7CFBE4D5E347A3E185E0B4C1684D"/>
        <jar class_name="server/lib/wljmsra.rar/wlthint3client.jar/weblogic/utils/io/oif/WebLogicFilterConfig.class" name="wljmsra.rar:wlthint3client.jar" path="%ORACLE_HOME%/%SYMBOL%/server/lib" shaolue="636FA95EFDE11D2BB861660A7D4D044D9C3AE17F"/>
        <copy file_name="plugins/jdeveloper/libraries/WebLogic_12.1_Remote_Client.exports" name="WebLogic_12.1_Remote_Client.exports" path="%ORACLE_HOME%/%SYMBOL%/plugins/jdeveloper/libraries" retain_permission="true" shaolue="A43451259CEA223FB78480E5BD17CE3A89B04A8A"/>
        <copy file_name="plugins/jdeveloper/libraries/JAX-WS_Client.exports" name="JAX-WS_Client.exports" path="%ORACLE_HOME%/%SYMBOL%/plugins/jdeveloper/libraries" retain_permission="true" shaolue="A43451259CEA223FB78480E5BD17CE3A89B04A8A"/>
        <copy file_name="plugins/jdeveloper/libraries/JAX-WS_Web_Services.exports" name="JAX-WS_Web_Services.exports" path="%ORACLE_HOME%/%SYMBOL%/plugins/jdeveloper/libraries" retain_permission="true" shaolue="A43451259CEA223FB78480E5BD17CE3A89B04A8A"/>
        <copy file_name="plugins/jdeveloper/libraries/JAX-RS_Jersey_2.x.exports" name="JAX-RS_Jersey_2.x.exports" path="%ORACLE_HOME%/%SYMBOL%/plugins/jdeveloper/libraries" retain_permission="true" shaolue="A01EEAAB016C471693539AB74BC4DF498D3885B0"/>
        <copy file_name="server/lib/BEA-WEBLOGIC-MIB.asn1" name="BEA-WEBLOGIC-MIB.asn1" path="%ORACLE_HOME%/%SYMBOL%/server/lib" retain_permission="true" shaolue="27CD34BF03F1FCABD5774EEE0CE6A5C92C9F3DC7"/>
        <copy file_name="server/lib/build-versions.properties" name="build-versions.properties" path="%ORACLE_HOME%/%SYMBOL%/server/lib" retain_permission="true" shaolue="49FFB92ED5D883F74EB55F438E8CD78F35C124A6"/>
    </oracle.wls.core.app.server>
    <oracle.wls.core.app.server opt_req="O" symbol="wls.common.symbol" version="12.2.1.3.0">
        <jar class_name="modules/com.nimbusds.oauth2-oidc-sdk.jar/META-INF/maven/com.nimbusds/oauth2-oidc-sdk/pom.properties" name="com.nimbusds.oauth2-oidc-sdk.jar" path="%ORACLE_HOME%/%SYMBOL%/modules" shaolue="72D2ED88C8584F28D287C0B42C6850CA3494BBF6"/>
        <jar class_name="modules/com.nimbusds.oauth2-oidc-sdk.jar/META-INF/maven/com.nimbusds/oauth2-oidc-sdk/pom.xml" name="com.nimbusds.oauth2-oidc-sdk.jar" path="%ORACLE_HOME%/%SYMBOL%/modules" shaolue="CD3ECCD58E4DB8A937D3A070E61A768DF8DEAB77"/>
        <jar class_name="modules/com.nimbusds.oauth2-oidc-sdk.jar/com/nimbusds/oauth2/sdk/AccessTokenResponse.class" name="com.nimbusds.oauth2-oidc-sdk.jar" path="%ORACLE_HOME%/%SYMBOL%/modules" shaolue="CE0B4AAC36B9DB9878EA0238BD19BF6A23D403AE"/>
        <jar class_name="modules/com.nimbusds.oauth2-oidc-sdk.jar/com/nimbusds/oauth2/sdk/TokenRequest.class" name="com.nimbusds.oauth2-oidc-sdk.jar" path="%ORACLE_HOME%/%SYMBOL%/modules" shaolue="CC038EA971B55A121EC427CF596F7439E14C913D"/>
        <jar class_name="modules/com.nimbusds.oauth2-oidc-sdk.jar/com/nimbusds/oauth2/sdk/auth/ClientAuthentication.class" name="com.nimbusds.oauth2-oidc-sdk.jar" path="%ORACLE_HOME%/%SYMBOL%/modules" shaolue="01FDD3AF46AB4CE5C8A9601EAFA34694557ECD39"/>
        <jar class_name="modules/com.nimbusds.oauth2-oidc-sdk.jar/com/nimbusds/oauth2/sdk/auth/ClientSecretBasic.class" name="com.nimbusds.oauth2-oidc-sdk.jar" path="%ORACLE_HOME%/%SYMBOL%/modules" shaolue="C4D553C4637539BAA2CEA214C8BD18F0E4689CCC"/>
        <jar class_name="modules/com.nimbusds.oauth2-oidc-sdk.jar/com/nimbusds/oauth2/sdk/auth/Secret.class" name="com.nimbusds.oauth2-oidc-sdk.jar" path="%ORACLE_HOME%/%SYMBOL%/modules" shaolue="CAEF15E988EA5113EF1001ED54F51DBB35613270"/>
        <jar class_name="modules/com.nimbusds.oauth2-oidc-sdk.jar/com/nimbusds/oauth2/sdk/auth/verifier/ClientAuthenticationVerifier.class" name="com.nimbusds.oauth2-oidc-sdk.jar" path="%ORACLE_HOME%/%SYMBOL%/modules" shaolue="6EC464637D5286BFE0DEE2EF00211DE508C1721C"/>
        <jar class_name="modules/com.nimbusds.oauth2-oidc-sdk.jar/com/nimbusds/oauth2/sdk/auth/verifier/InvalidClientException.class" name="com.nimbusds.oauth2-oidc-sdk.jar" path="%ORACLE_HOME%/%SYMBOL%/modules" shaolue="EFE60C7CD5A754A933C53635B075375F31E0D345"/>
        <jar class_name="modules/com.nimbusds.oauth2-oidc-sdk.jar/com/nimbusds/oauth2/sdk/client/ClientMetadata.class" name="com.nimbusds.oauth2-oidc-sdk.jar" path="%ORACLE_HOME%/%SYMBOL%/modules" shaolue="8BCDB4E4F7D7BA38D57A40D000999B96D0466E3D"/>
        <jar class_name="modules/com.nimbusds.oauth2-oidc-sdk.jar/com/nimbusds/oauth2/sdk/http/HTTPRequest$Method.class" name="com.nimbusds.oauth2-oidc-sdk.jar" path="%ORACLE_HOME%/%SYMBOL%/modules" shaolue="05307B0111D4242F065F866DB165702AE3660941"/>
        <jar class_name="modules/com.nimbusds.oauth2-oidc-sdk.jar/com/nimbusds/oauth2/sdk/http/HTTPRequest.class" name="com.nimbusds.oauth2-oidc-sdk.jar" path="%ORACLE_HOME%/%SYMBOL%/modules" shaolue="BDACDC207555C16A1424CC8BD0C93F25F20A91EB"/>
        <jar class_name="modules/com.nimbusds.oauth2-oidc-sdk.jar/com/nimbusds/oauth2/sdk/http/HTTPResponse.class" name="com.nimbusds.oauth2-oidc-sdk.jar" path="%ORACLE_HOME%/%SYMBOL%/modules" shaolue="F4107828329943204CE641AD1BF2E3CFE2A73F47"/>
        <jar class_name="modules/com.nimbusds.oauth2-oidc-sdk.jar/com/nimbusds/oauth2/sdk/http/ServletUtils.class" name="com.nimbusds.oauth2-oidc-sdk.jar" path="%ORACLE_HOME%/%SYMBOL%/modules" shaolue="49116FB12B7B949BC2FBAE8E6FDBDB1824377A51"/>
        <jar class_name="modules/com.nimbusds.oauth2-oidc-sdk.jar/com/nimbusds/openid/connect/sdk/BackChannelLogoutRequest.class" name="com.nimbusds.oauth2-oidc-sdk.jar" path="%ORACLE_HOME%/%SYMBOL%/modules" shaolue="441940762E282DA19A3E976B9A05FA2EB8DCF487"/>
        <jar class_name="modules/com.nimbusds.oauth2-oidc-sdk.jar/com/nimbusds/openid/connect/sdk/ClaimsRequest$Entry.class" name="com.nimbusds.oauth2-oidc-sdk.jar" path="%ORACLE_HOME%/%SYMBOL%/modules" shaolue="6D83208BB234FA47A701520E15C73ED11EE4BE81"/>
        <jar class_name="modules/com.nimbusds.oauth2-oidc-sdk.jar/com/nimbusds/openid/connect/sdk/ClaimsRequest.class" name="com.nimbusds.oauth2-oidc-sdk.jar" path="%ORACLE_HOME%/%SYMBOL%/modules" shaolue="685B73E2EDAD0A082DD391174FBC9ECE82E11CF8"/>
        <jar class_name="modules/com.nimbusds.oauth2-oidc-sdk.jar/com/nimbusds/openid/connect/sdk/LogoutRequest.class" name="com.nimbusds.oauth2-oidc-sdk.jar" path="%ORACLE_HOME%/%SYMBOL%/modules" shaolue="CAED568B14785E20085CEA1F2A7E0D60E5B5E9CB"/>
        <jar class_name="modules/com.nimbusds.oauth2-oidc-sdk.jar/com/nimbusds/openid/connect/sdk/claims/ClaimsSet.class" name="com.nimbusds.oauth2-oidc-sdk.jar" path="%ORACLE_HOME%/%SYMBOL%/modules" shaolue="AEFA55D05E5B24AC438EE8FAABD0100A82031585"/>
        <jar class_name="modules/com.nimbusds.oauth2-oidc-sdk.jar/com/nimbusds/openid/connect/sdk/claims/CommonClaimsSet.class" name="com.nimbusds.oauth2-oidc-sdk.jar" path="%ORACLE_HOME%/%SYMBOL%/modules" shaolue="9D900BD499B5C1954C93C2525697C13116DB1B53"/>
        <jar class_name="modules/com.nimbusds.oauth2-oidc-sdk.jar/com/nimbusds/openid/connect/sdk/claims/IDTokenClaimsSet.class" name="com.nimbusds.oauth2-oidc-sdk.jar" path="%ORACLE_HOME%/%SYMBOL%/modules" shaolue="275FACB831488DAA7B6838F5BC5356D054AEF3F3"/>
        <jar class_name="modules/com.nimbusds.oauth2-oidc-sdk.jar/com/nimbusds/openid/connect/sdk/claims/LogoutTokenClaimsSet.class" name="com.nimbusds.oauth2-oidc-sdk.jar" path="%ORACLE_HOME%/%SYMBOL%/modules" shaolue="B85BBEEA79E35F7D4B3CA5B7803AC53749DEBEC6"/>
        <jar class_name="modules/com.nimbusds.oauth2-oidc-sdk.jar/com/nimbusds/openid/connect/sdk/claims/SessionID.class" name="com.nimbusds.oauth2-oidc-sdk.jar" path="%ORACLE_HOME%/%SYMBOL%/modules" shaolue="F057DA646B4CE50EA2ED8E0431ADE7AFA47922B8"/>
        <jar class_name="modules/com.nimbusds.oauth2-oidc-sdk.jar/com/nimbusds/openid/connect/sdk/op/ACRRequest.class" name="com.nimbusds.oauth2-oidc-sdk.jar" path="%ORACLE_HOME%/%SYMBOL%/modules" shaolue="E7C64ECC84725D8FF4FFAF4AC414C488F3A31D25"/>
        <jar class_name="modules/com.nimbusds.oauth2-oidc-sdk.jar/com/nimbusds/openid/connect/sdk/op/OIDCProviderMetadata.class" name="com.nimbusds.oauth2-oidc-sdk.jar" path="%ORACLE_HOME%/%SYMBOL%/modules" shaolue="7E76FA15760BCDC3CA2C5054474FABD8191F901E"/>
        <jar class_name="modules/com.nimbusds.oauth2-oidc-sdk.jar/com/nimbusds/openid/connect/sdk/rp/OIDCClientMetadata.class" name="com.nimbusds.oauth2-oidc-sdk.jar" path="%ORACLE_HOME%/%SYMBOL%/modules" shaolue="8B06676BD628CF1BD174D400CDDE4FB368B030F6"/>
        <jar class_name="modules/com.nimbusds.oauth2-oidc-sdk.jar/com/nimbusds/openid/connect/sdk/validators/AbstractJWTValidator.class" name="com.nimbusds.oauth2-oidc-sdk.jar" path="%ORACLE_HOME%/%SYMBOL%/modules" shaolue="D1D4CAEAA5FEDA9D2450CBEFAD6E480EE8AC233A"/>
        <jar class_name="modules/com.nimbusds.oauth2-oidc-sdk.jar/com/nimbusds/openid/connect/sdk/validators/BadJWTExceptions.class" name="com.nimbusds.oauth2-oidc-sdk.jar" path="%ORACLE_HOME%/%SYMBOL%/modules" shaolue="1F66B82720D3CE34CDBF082F7F683CDEFF0C3497"/>
        <jar class_name="modules/com.nimbusds.oauth2-oidc-sdk.jar/com/nimbusds/openid/connect/sdk/validators/IDTokenClaimsVerifier.class" name="com.nimbusds.oauth2-oidc-sdk.jar" path="%ORACLE_HOME%/%SYMBOL%/modules" shaolue="389FB7F0244251692B36D3F82A1161AF87E894EA"/>
        <jar class_name="modules/com.nimbusds.oauth2-oidc-sdk.jar/com/nimbusds/openid/connect/sdk/validators/IDTokenValidator.class" name="com.nimbusds.oauth2-oidc-sdk.jar" path="%ORACLE_HOME%/%SYMBOL%/modules" shaolue="F8C90DBFE4489D1BF65B653F2C4B96960F02DDB5"/>
        <jar class_name="modules/com.nimbusds.oauth2-oidc-sdk.jar/com/nimbusds/openid/connect/sdk/validators/LogoutTokenClaimsVerifier.class" name="com.nimbusds.oauth2-oidc-sdk.jar" path="%ORACLE_HOME%/%SYMBOL%/modules" shaolue="00E756D5545FCAAD4B7547C39A2CBB21553E2AE5"/>
        <jar class_name="modules/com.nimbusds.oauth2-oidc-sdk.jar/com/nimbusds/openid/connect/sdk/validators/LogoutTokenValidator.class" name="com.nimbusds.oauth2-oidc-sdk.jar" path="%ORACLE_HOME%/%SYMBOL%/modules" shaolue="07A2D73EEFA80A0E9EE835494178C237B04D3D32"/>
        <jar class_name="modules/com.nimbusds.nimbus-jose-jwt.jar/META-INF/maven/com.nimbusds/nimbus-jose-jwt/pom.properties" name="com.nimbusds.nimbus-jose-jwt.jar" path="%ORACLE_HOME%/%SYMBOL%/modules" shaolue="40EC4CE553E1C99FB1ADAAA2DDA006D6F8C511D7"/>
        <jar class_name="modules/com.nimbusds.nimbus-jose-jwt.jar/META-INF/maven/com.nimbusds/nimbus-jose-jwt/pom.xml" name="com.nimbusds.nimbus-jose-jwt.jar" path="%ORACLE_HOME%/%SYMBOL%/modules" shaolue="069CF571F7C1B80AF68D2DC9D1D84A18DB871EA0"/>
        <jar class_name="modules/com.nimbusds.nimbus-jose-jwt.jar/com/nimbusds/jose/CommonSEHeader.class" name="com.nimbusds.nimbus-jose-jwt.jar" path="%ORACLE_HOME%/%SYMBOL%/modules" shaolue="23045523A7F74482C02392750B9AF5E76D38D0A9"/>
        <jar class_name="modules/com.nimbusds.nimbus-jose-jwt.jar/com/nimbusds/jose/JWEAlgorithm$Family.class" name="com.nimbusds.nimbus-jose-jwt.jar" path="%ORACLE_HOME%/%SYMBOL%/modules" shaolue="C9A91BDDE3F41AE89B96D294CB2B9ECA0A825603"/>
        <jar class_name="modules/com.nimbusds.nimbus-jose-jwt.jar/com/nimbusds/jose/JWEAlgorithm.class" name="com.nimbusds.nimbus-jose-jwt.jar" path="%ORACLE_HOME%/%SYMBOL%/modules" shaolue="F01E58AE4BD7638BA8A94D551BBEA61DF5EB34F6"/>
        <jar class_name="modules/com.nimbusds.nimbus-jose-jwt.jar/com/nimbusds/jose/JWEHeader$Builder.class" name="com.nimbusds.nimbus-jose-jwt.jar" path="%ORACLE_HOME%/%SYMBOL%/modules" shaolue="E2828C52E39F7C75BD96A60B6CBE24E9BBAA078E"/>
        <jar class_name="modules/com.nimbusds.nimbus-jose-jwt.jar/com/nimbusds/jose/JWEHeader.class" name="com.nimbusds.nimbus-jose-jwt.jar" path="%ORACLE_HOME%/%SYMBOL%/modules" shaolue="A42C7870DA6002CC70536C8CC9AA474D5C35DDD9"/>
        <jar class_name="modules/com.nimbusds.nimbus-jose-jwt.jar/com/nimbusds/jose/JWSHeader$Builder.class" name="com.nimbusds.nimbus-jose-jwt.jar" path="%ORACLE_HOME%/%SYMBOL%/modules" shaolue="DB9A89B296538C5F5EEF8811F2CD331984EC4086"/>
        <jar class_name="modules/com.nimbusds.nimbus-jose-jwt.jar/com/nimbusds/jose/JWSHeader.class" name="com.nimbusds.nimbus-jose-jwt.jar" path="%ORACLE_HOME%/%SYMBOL%/modules" shaolue="6001E98DC3C2C3731084C654343324C9C214442E"/>
        <jar class_name="modules/com.nimbusds.nimbus-jose-jwt.jar/com/nimbusds/jose/crypto/AESCBC.class" name="com.nimbusds.nimbus-jose-jwt.jar" path="%ORACLE_HOME%/%SYMBOL%/modules" shaolue="98B81ADAA8C557D30AD13D5CA2E7634E1DA55F10"/>
        <jar class_name="modules/com.nimbusds.nimbus-jose-jwt.jar/com/nimbusds/jose/crypto/ConcatKDF.class" name="com.nimbusds.nimbus-jose-jwt.jar" path="%ORACLE_HOME%/%SYMBOL%/modules" shaolue="8EC2241A09D026A6A46663605FF774C16651A316"/>
        <jar class_name="modules/com.nimbusds.nimbus-jose-jwt.jar/com/nimbusds/jose/crypto/ECDH$AlgorithmMode.class" name="com.nimbusds.nimbus-jose-jwt.jar" path="%ORACLE_HOME%/%SYMBOL%/modules" shaolue="8CCA0CD1F85DCFEFFF52515BB9D526F0EC34FE36"/>
        <jar class_name="modules/com.nimbusds.nimbus-jose-jwt.jar/com/nimbusds/jose/crypto/ECDH.class" name="com.nimbusds.nimbus-jose-jwt.jar" path="%ORACLE_HOME%/%SYMBOL%/modules" shaolue="B9911A9E6D9A9E5F9D31BED057E896FEDF7D8307"/>
        <jar class_name="modules/com.nimbusds.nimbus-jose-jwt.jar/com/nimbusds/jose/crypto/ECDHDecrypter.class" name="com.nimbusds.nimbus-jose-jwt.jar" path="%ORACLE_HOME%/%SYMBOL%/modules" shaolue="40DF4863D6610496E8C0C662E5B0A15C658F3D07"/>
        <jar class_name="modules/com.nimbusds.nimbus-jose-jwt.jar/com/nimbusds/jose/crypto/ECDSA.class" name="com.nimbusds.nimbus-jose-jwt.jar" path="%ORACLE_HOME%/%SYMBOL%/modules" shaolue="51DBF687F87EF7C0EAEAD4B97F88886277597253"/>
        <jar class_name="modules/com.nimbusds.nimbus-jose-jwt.jar/com/nimbusds/jose/crypto/ECDSAProvider.class" name="com.nimbusds.nimbus-jose-jwt.jar" path="%ORACLE_HOME%/%SYMBOL%/modules" shaolue="2909264BB1B2626695BAD814E73610C548132416"/>
        <jar class_name="modules/com.nimbusds.nimbus-jose-jwt.jar/com/nimbusds/jose/crypto/ECDSASigner.class" name="com.nimbusds.nimbus-jose-jwt.jar" path="%ORACLE_HOME%/%SYMBOL%/modules" shaolue="2EF992539A1955251C1C6DC56A7FD2FCA8C02D9E"/>
        <jar class_name="modules/com.nimbusds.nimbus-jose-jwt.jar/com/nimbusds/jose/crypto/ECDSAVerifier.class" name="com.nimbusds.nimbus-jose-jwt.jar" path="%ORACLE_HOME%/%SYMBOL%/modules" shaolue="8F1EA9C5D56B11DC30AC71AA9C2111C5DAD437BE"/>
        <jar class_name="modules/com.nimbusds.nimbus-jose-jwt.jar/com/nimbusds/jose/crypto/MACVerifier.class" name="com.nimbusds.nimbus-jose-jwt.jar" path="%ORACLE_HOME%/%SYMBOL%/modules" shaolue="16E2CFE6E5D354190024C5830E446E6AEE12F29F"/>
        <jar class_name="modules/com.nimbusds.nimbus-jose-jwt.jar/com/nimbusds/jose/crypto/utils/ConstantTimeUtils.class" name="com.nimbusds.nimbus-jose-jwt.jar" path="%ORACLE_HOME%/%SYMBOL%/modules" shaolue="C2EBF8177C716F6486A38E9A41C18BBD0CADB598"/>
        <jar class_name="modules/com.nimbusds.nimbus-jose-jwt.jar/com/nimbusds/jose/crypto/utils/ECChecks.class" name="com.nimbusds.nimbus-jose-jwt.jar" path="%ORACLE_HOME%/%SYMBOL%/modules" shaolue="290519B9453B65F5E832B896C8C4584C8662C550"/>
        <jar class_name="modules/com.nimbusds.nimbus-jose-jwt.jar/com/nimbusds/jose/crypto/utils/package-info.class" name="com.nimbusds.nimbus-jose-jwt.jar" path="%ORACLE_HOME%/%SYMBOL%/modules" shaolue="DE6D74DF01E80A24B7C68E7243FC5EE038883DED"/>
        <jar class_name="modules/com.nimbusds.nimbus-jose-jwt.jar/com/nimbusds/jose/jwk/ECKey$Builder.class" name="com.nimbusds.nimbus-jose-jwt.jar" path="%ORACLE_HOME%/%SYMBOL%/modules" shaolue="F4BEBD62C0E287421E5A01B3657F3B79688DA06B"/>
        <jar class_name="modules/com.nimbusds.nimbus-jose-jwt.jar/com/nimbusds/jose/jwk/ECKey$Curve.class" name="com.nimbusds.nimbus-jose-jwt.jar" path="%ORACLE_HOME%/%SYMBOL%/modules" shaolue="BF03DBACA670C33AEF425198C910EE26E967FF47"/>
        <jar class_name="modules/com.nimbusds.nimbus-jose-jwt.jar/com/nimbusds/jose/jwk/ECKey.class" name="com.nimbusds.nimbus-jose-jwt.jar" path="%ORACLE_HOME%/%SYMBOL%/modules" shaolue="8B1F76E3476432DE94BB4373274117CD92875219"/>
        <jar class_name="modules/com.nimbusds.nimbus-jose-jwt.jar/com/nimbusds/jose/jwk/JWK.class" name="com.nimbusds.nimbus-jose-jwt.jar" path="%ORACLE_HOME%/%SYMBOL%/modules" shaolue="AA47692067BFBCDA2B7498A2462B252ED89F08B3"/>
        <jar class_name="modules/com.nimbusds.nimbus-jose-jwt.jar/com/nimbusds/jose/jwk/JWKMetadata.class" name="com.nimbusds.nimbus-jose-jwt.jar" path="%ORACLE_HOME%/%SYMBOL%/modules" shaolue="557B2463E2D204D5F6C10E110C39FC978648EEAC"/>
        <jar class_name="modules/com.nimbusds.nimbus-jose-jwt.jar/com/nimbusds/jose/jwk/OctetSequenceKey$Builder.class" name="com.nimbusds.nimbus-jose-jwt.jar" path="%ORACLE_HOME%/%SYMBOL%/modules" shaolue="343EB9013A51683DC1C668D9ABCCDACAA87DB5F0"/>
        <jar class_name="modules/com.nimbusds.nimbus-jose-jwt.jar/com/nimbusds/jose/jwk/OctetSequenceKey.class" name="com.nimbusds.nimbus-jose-jwt.jar" path="%ORACLE_HOME%/%SYMBOL%/modules" shaolue="FD10EB25A356D6466591B0215EB358E5D620CA1E"/>
        <jar class_name="modules/com.nimbusds.nimbus-jose-jwt.jar/com/nimbusds/jose/jwk/RSAKey$Builder.class" name="com.nimbusds.nimbus-jose-jwt.jar" path="%ORACLE_HOME%/%SYMBOL%/modules" shaolue="068F2293EC69FA9A3591B5EF0BF3AFEFE1BF89DF"/>
        <jar class_name="modules/com.nimbusds.nimbus-jose-jwt.jar/com/nimbusds/jose/jwk/RSAKey$OtherPrimesInfo.class" name="com.nimbusds.nimbus-jose-jwt.jar" path="%ORACLE_HOME%/%SYMBOL%/modules" shaolue="97BCB490AE680099775B998AE9D83E845472E855"/>
        <jar class_name="modules/com.nimbusds.nimbus-jose-jwt.jar/com/nimbusds/jose/jwk/RSAKey.class" name="com.nimbusds.nimbus-jose-jwt.jar" path="%ORACLE_HOME%/%SYMBOL%/modules" shaolue="0BFA70AB2FF638086D47C458B67385E23DC5E188"/>
        <jar class_name="modules/com.nimbusds.nimbus-jose-jwt.jar/com/nimbusds/jose/proc/DefaultJOSEProcessor.class" name="com.nimbusds.nimbus-jose-jwt.jar" path="%ORACLE_HOME%/%SYMBOL%/modules" shaolue="BA8BE3EEA68A895D27EA0E20FEFD286EB034FB68"/>
        <jar class_name="modules/com.nimbusds.nimbus-jose-jwt.jar/com/nimbusds/jwt/proc/DefaultJWTProcessor.class" name="com.nimbusds.nimbus-jose-jwt.jar" path="%ORACLE_HOME%/%SYMBOL%/modules" shaolue="615E9F2D83BE1E823FE4A640327526DD53A0DEA1"/>
        <jar class_name="plugins/upgrade/WebLogicPlugin.jar/oracle/ias/update/plugin/weblogic/WebLogicPluginConstants.class" name="WebLogicPlugin.jar" path="%ORACLE_HOME%/%SYMBOL%/plugins/upgrade" shaolue="EAAE8AB1F50BC4FD00C4F9F4218BD89336D751E8"/>
    </oracle.wls.core.app.server>
    <oracle.wls.admin.console.en opt_req="O" symbol="wls.server.symbol" version="12.2.1.3.0">
        <jar class_name="server/lib/console-ext/autodeploy/coherence.jar/bea-helpsets/en-us/pagehelp/Coherenceserverconfigstartuptitle.html" name="coherence.jar" path="%ORACLE_HOME%/%SYMBOL%/server/lib/console-ext/autodeploy" shaolue="4E8CED539D3E105D83011ACB59ECAADA75FC58AB"/>
    </oracle.wls.admin.console.en>
</oneoff_actions>
