<?xml version="1.0" encoding="UTF-8" standalone="yes"?>
<component-def xmlns="http://xmlns.oracle.com/cie/gdr/cpd" name="oracle.commons.fileupload.commons.fileupload" version="1.3.2.0.0" description="Oracle Commons Fileupload Commons Fileupload" description-key="component.description" gdr-version="1.8.2.0" xmlns:ns2="http://xmlns.oracle.com/cie/stringsubs">
  <file-map symbol="thirdparty.symbol" source="filegroup1.jar" expanded="true" compacted="true" patch="21899283">
    <file source="modules/thirdparty/commons-fileupload-1.3.2.jar" dest="modules/thirdparty/commons-fileupload-1.3.2.jar" mode="640" action="replacement" group="commons-fileupload" artifact="commons-fileupload" version="1.3.3" type="jar"/>
    <file-perms>
      <permission mode="640" regex=".*" match-dirs="false"/>
      <permission mode="750" regex=".*" match-dirs="true"/>
      <permission mode="750" regex=".*\.sh" match-dirs="false"/>
      <permission mode="750" regex=".*\.cmd" match-dirs="false"/>
      <permission mode="750" regex=".*\.bat" match-dirs="false"/>
    </file-perms>
  </file-map>
  <libraries/>
</component-def>
