<?xml version="1.0" encoding="UTF-8" standalone="yes"?>
<component-def xmlns="http://xmlns.oracle.com/cie/gdr/cpd" name="oracle.wls.admin.console.en" version="12.2.1.2.0" description="Oracle WebLogic Administration Console English" gdr-version="1.8.0.0" groupId="com.oracle.weblogic" xmlns:ns2="http://xmlns.oracle.com/cie/stringsubs">
  <file-map symbol="wls.server.symbol" source="filegroup1.jar" expanded="true" compacted="true" patch="22207080" pom-gen="false">
    <exclude regex="\.ade_path" match-dirs="true"/>
    <file source="server/lib/consoleapp/consolehelp/navtree/searchlist.js" dest="server/lib/consoleapp/consolehelp/navtree/searchlist.js" mode="640" action="replacement"/>
    <file-perms>
      <permission mode="750" regex=".*" match-dirs="true"/>
    </file-perms>
  </file-map>
  <libraries/>
</component-def>
