<?xml version="1.0" encoding="UTF-8"?>
<!DOCTYPE message_catalog PUBLIC "weblogic-message-catalog-dtd"  "http://www.bea.com/servers/wls810/dtd/msgcat.dtd">
<message_catalog
  i18n_package="weblogic.management.jmx"
  l10n_package="weblogic.management.jmx"
  subsystem="JMX"
  version="1.0"
  baseid="149500"
  endid="149999"
  loggables="false"
  prefix="WL"
  >

  <!--  -->
  <logmessage
    messageid="149500"
    datelastchanged="1037838479571"
    datehash="-1963542382"
    severity="error"
    method="logRegistrationFailed(javax.management.ObjectName mbean,Throwable t)"
    >
    <messagebody>
        An exception occurred while registering the MBean {0}.
    </messagebody>
    <messagedetail>
        An exception occurred while registering the MBean {0} : The error is {1}. The result is that
        this specific managed object will not be visible through the MBeanServer.
    </messagedetail>
    <cause>
        Refer to the embedded exception information for more details as to the probable cause of this error.
    </cause>
    <action>
        This is an internal error and should be reported as a bug to My Oracle Support.
    </action>
  </logmessage>

  <!--  -->
  <logmessage
    messageid="149501"
    datelastchanged="1037838479571"
    datehash="-1963542382"
    severity="error"
    method="logRegistrationFailedForProperty(javax.management.ObjectName mbean, String propertyName, Throwable t)"
    >
    <messagebody>
        An exception occurred while registering the MBean {0} at property {1}.
    </messagebody>
    <messagedetail>
        An exception occurred while registering the MBean {0} at property {1}: The error is {2}. The result is that
        this specific managed object will not be visible through the MBeanServer
    </messagedetail>
    <cause>
        Refer to the embedded exception information for more details as to the probable cause of this error.
    </cause>
    <action>
        This is an internal error and should be reported as a bug to My Oracle Support.
    </action>
  </logmessage>

  <!--  -->
  <logmessage
    messageid="149502"
    datelastchanged="1037838479571"
    datehash="-1963542382"
    severity="error"
    method="logUnregisterFailed(javax.management.ObjectName mbean,Throwable t)"
    >
    <messagebody>
       An exception occurred while unregistering the MBean {0}.
    </messagebody>
    <messagedetail>
       An exception occurred while unregistering the MBean {0} : The error is {1}. The result is that
       this now invalid managed object will remain visible through the MBeanServer
    </messagedetail>
    <cause>
       Refer to the embedded exception information for more details as to the probable cause of this error.
    </cause>
    <action>
       This is an internal error and should be reported as a bug to My Oracle Support.
    </action>
  </logmessage>

  <!--  -->
  <logmessage
    messageid="149503"
    datelastchanged="1037838479571"
    datehash="-1963542382"
    severity="error"
    method="logUnregisterFailedForProperty(javax.management.ObjectName mbean, String propertyName, Throwable t)"
    >
    <messagebody>
       An exception occurred while unregistering the MBean {0} at property {1}.
    </messagebody>
    <messagedetail>
       An exception occurred while unregistering the MBean {0} at property {1}: The error is {2}. The result is that
       this now invalid managed object will remain visible through the MBeanServer
    </messagedetail>
    <cause>
       Refer to the embedded exception information for more details as to the probable cause of this error.
    </cause>
    <action>
       This is an internal error and should be reported as a bug to My Oracle Support.
    </action>
  </logmessage>

  <!--  -->
  <logmessage
    messageid="149504"
    datelastchanged="1037838479571"
    datehash="-1963542382"
    severity="warning"
    method="logUnableToContactManagedServer(String managedServer, String serviceURL, Throwable t)"
    stacktrace="false"
    >
    <messagebody>
       The Administration Server was unable to establish JMX Connectivity with the {0} at the JMX Service URL of {1}.
    </messagebody>
    <messagedetail>
       An unexpected exception occurred when contacting the Managed Server {0} with the JMX Service URL {1}. The
       exception was {2} and indicates that the Managed Server cannot be contacted at the host and port for which it is configured.
    </messagedetail>
    <cause>
       This is likely due to a misconfiguration of the Managed Server. Often this is associated
       with the use of the administration channel.
    </cause>
    <action>
       Ensure that the Managed Server adminstration ports are properly configured. It may be helpful to review
       the documentation on the administration channel configuration.
    </action>
  </logmessage>

   <!--  -->
  <logmessage
    messageid="149505"
    datelastchanged="1037838479571"
    datehash="-1963542382"
    severity="warning"
    method="logManagedServerNotAvailable(String managedServer, String serviceURL)"
    stacktrace="false"
    >
    <messagebody>
       The Administration Server was unable to establish JMX Connectivity with the {0} at the JMX Service URL of {1}.
    </messagebody>
    <messagedetail>
       An unexpected exception occurred when contacting the Managed Server {0} with the JMX Service URL {1}. This
       indicates that the Managed Server cannot be contacted at the host and port for which it is configured.
    </messagedetail>
    <cause>
       This is likely because the Managed Server is simply not running. It may indicated that the administration
       channels are not properly configured.
    </cause>
    <action>
       Ensure that the Managed Server administration ports are properly configured. It may be helpful to review
       the documentation on the administration channel configuration.
    </action>
  </logmessage>


  <!--  -->
  <logmessage
    messageid="149506"
    datelastchanged="1037838479571"
    datehash="-1963542382"
    severity="warning"
    method="logEstablishedJMXConnectionWithManagedServer(String managedServer, String serviceURL)"
    >
    <messagebody>
       Established JMX Connectivity with {0} at the JMX Service URL of {1}.
    </messagebody>
    <messagedetail>
       During normal operations the Administration Server made a JMX connection with a newly
       started Managed Server.
    </messagedetail>
    <cause>
       This is a normal operation.
    </cause>
    <action>
       No action is required.
    </action>
  </logmessage>

  <!--  -->
  <logmessage
    messageid="149507"
    datelastchanged="1037838479571"
    datehash="-1963542382"
    severity="warning"
    method="logDisconnectedJMXConnectionWithManagedServer(String managedServer)"
    >
    <messagebody>
       JMX Connectivity has been discontinued with the Managed Server {0}.
    </messagebody>
    <messagedetail>
       The Managed Server {0} is no longer available for JMX connectivity.
    </messagedetail>
    <cause>
      This message is logged whenever a Managed Server is shut down.
    </cause>
    <action>
       No action is required.
    </action>
  </logmessage>

  <!--  -->
  <logmessage
    messageid="149508"
    datelastchanged="1037838479571"
    datehash="-1963542382"
    severity="warning"
    method="logExceptionEstablishingJMXConnectivity(Throwable t)"
    >
    <messagebody>
        Unable to establish JMX Connectivity with the Administration Server.
    </messagebody>
    <messagedetail>
        This Managed Server was unable to establish a JMX Connection with the Administration Server due to the exception {0}.
    </messagedetail>
    <cause>
       This may have occurred because the Administration Server is not currently available or it may indicate a misconfiguration of the administrative channels.
    </cause>
    <action>
        If the Administration Server is currently running, the administrator should consult the
        documentation on the administration channel configuration. 
    </action>
  </logmessage>

  <!--  -->
  <logmessage
    messageid="149509"
    datelastchanged="1037838479571"
    datehash="-1963542382"
    severity="warning"
    method="logUnableToEstablishJMXConnectivity(String adminServer, String adminURL, Throwable t)"
    >
    <messagebody>
         Unable to establish JMX connectivity with the Administration Server {0} at {1}.
    </messagebody>
    <messagedetail>
         This Managed Server was unable to establish a JMX connection with the Administration Server {0}
         at the JMX Service URL {1} due to the exception {2}.
    </messagedetail>
    <cause>
        This may have occurred because the Administration Server is not currently available or it may indicate a
        misconfiguration of the administrative channels.
    </cause>
    <action>
         If the Administration Server is currently running, the administrator should consult the
         documentation on the administration channel configuration.
    </action>
  </logmessage>

    <!--  -->
  <logmessage
    messageid="149510"
    datelastchanged="1037838479571"
    datehash="-1963542382"
    severity="warning"
    method="logAdminstrationServerNotAvailable(String adminServer, String adminURL)"
    >
    <messagebody>
         Unable to establish JMX Connectivity with the Administration Server {0} at {1}.
    </messagebody>
    <messagedetail>
         This Managed Server was unable to establish a JMX Connection with the Administration Server {0}
         at the JMX Service URL {1}.
    </messagedetail>
    <cause>
        This may have occurred because the Administration Server is not currently available or it may indicate a
        misconfiguration of the administrative channels.
    </cause>
    <action>
         If the Administration Server is currently running, the administrator should consult the
         documentation on the administration channel configuration. 
    </action>
  </logmessage>

  <!--  -->
  <logmessage
    messageid="149511"
    datelastchanged="1037838479571"
    datehash="-1963542382"
    severity="warning"
    method="logEstablishedJMXConnectivity(String adminServer, String adminURL)"
    >
    <messagebody>
         Established JMX Connectivity with the Administration Server {0} at {1}.
    </messagebody>
    <messagedetail>
         This Managed Server established a JMX Connection with the Administration Server {0}
         at the JMX Service URL {1}.
    </messagedetail>
    <cause>
      This is a normal operation. 
    </cause>
    <action>
      No action is required.
    </action>
  </logmessage>

   <!--  -->
  <logmessage
    messageid="149512"
    datelastchanged="1037838479571"
    datehash="-1963542382"
    severity="warning"
    method="logStartedJMXConnectorServer(String serviceURL)"
    >
    <messagebody>
         JMX Connector Server started at {0}.
    </messagebody>
    <messagedetail>
         The management subsystem has made JMX Connectivity available at the URI {0}.
    </messagedetail>
    <cause>
     This is a normal operation.
    </cause>
    <action>
      No action is required.
    </action>
  </logmessage>

  <!--  -->
  <logmessage
    messageid="149513"
    datelastchanged="1037838479571"
    datehash="-1963542382"
    severity="warning"
    method="logStoppedJMXConnectorServer(String serviceURL)"
    >
    <messagebody>
         JMX Connector Server stopped at {0}.
    </messagebody>
    <messagedetail>
         The management subsystem has discontinued JMX Connectivity at the URI {0}.
    </messagedetail>
    <cause>
      This is a normal operation.
    </cause>
    <action>
      No action is required.
    </action>
  </logmessage>

  <!--  -->
  <logmessage
     messageid="149514"
     datelastchanged="1037838479571"
     datehash="-1963542382"
     severity="debug"
     method="logErrorGeneratingAttributeChangeNotification(String objectName, String attributeName)"
     >
     <messagebody>
        An error was encountered while attempting to generate an AttributeChangeNotification for MBean {0} on the attribute {1}
     </messagebody>
     <messagedetail>
       The attribute {1} was change for the mbean {0} and the JMX subsystem was unable to acquire the information needed
       to generate an AttributeChangeNotification.
     </messagedetail>
     <cause>
       This problem is the result of an internal error in the WLS JMX implementation.
     </cause>
     <action>
       Report this message to Oracle support.
     </action>
   </logmessage>

  <!--  -->
  <logmessage
      messageid="149515"
      datelastchanged="1037838479571"
      datehash="-1963542382"
      severity="warning"
      method="logErrorDuringGetAttributes(String objectName, String attributeName)"
      >
      <messagebody>
         An error was encountered getting the attribute {1} on the MBean {0} during a call to getAttributes.
      </messagebody>
      <messagedetail>
        The JMX specification does not allow exceptions to be generated during a getAttributes call and
        requires that all of the available attributes are returned. In this case, the attribute {1} on the MBean {0} could not be acquired.
      </messagedetail>
      <cause>
        This problem is the result of an internal error in the WebLogic Server JMX implementation.
      </cause>
      <action>
        Report this message to My Oracle Support.
      </action>
    </logmessage>

   <!--  -->
  <logmessage
      messageid="149516"
      datelastchanged="1037838479571"
      datehash="-1963542382"
      severity="warning"
      method="logErrorDuringSetAttributes(String objectName, String attributeName)"
      >
      <messagebody>
         An error was encountered when setting the attribute {1} on the MBean {0} during a call to setAttributes.
      </messagebody>
      <messagedetail>
        The JMX specification does not allow for exceptions to be generated during a setAttributes call and
        requires that all of the available attributes are returned. In this case, the attribute {1} on the MBean {0} could not be set.
      </messagedetail>
      <cause>
        This problem is the result of an internal error in the WebLogic Server JMX implementation.
      </cause>
      <action>
        Report this message to My Oracle Support.
      </action>
    </logmessage>


   <!--  -->
  <logmessage
      messageid="149517"
      datelastchanged="1307478177000"
      datehash="-1963542382"
      severity="debug"
      method="logBeanUnregisterFailed(String beanToString)"
      >
      <messagebody>
        An attempt was made to unregister an mbean that was already unregistered: {0}
      </messagebody>
      <messagedetail>
        The bean {0} was not registered yet the WLS JMX implementation attempted to unregister it.
      </messagedetail>
      <cause>
        This problem is the result of an internal error in the WLS JMX implementation.
      </cause>
      <action>
        Report this message to Oracle support.
      </action>
  </logmessage>

  <!--  -->
  <logmessage
      messageid="149518"
      datelastchanged="1037838479571"
      datehash="-1963542382"
      severity="warning"
      loggable="true"
      method="logWLSMBeanUnregisterFailed(String objectNameString)"
      >
      <messagebody>
        An attempt was made to unregister the {0} WebLogic Server MBean through JMX.
      </messagebody>
      <messagedetail>
        MBeans that are in the com.bea domain are controlled internally by the WebLogic Server
        implementation and cannot be unregistered through the JMX API directly.
      </messagedetail>
      <cause>
        Avoid using the JMX API to unregister a WebLogic Server MBean.
      </cause>
      <action>
        Use the WebLogic Server APIs to control the configuration of the server environment.
      </action>
    </logmessage>

   <!--  -->
  <logmessage
    messageid="149519"
    datelastchanged="1037838479571"
    datehash="-1963542382"
    severity="warning"
    method="logManagedServerURLMalformed(String managedServer, String serviceURL, Throwable t)"
    stacktrace="true"
    >
    <messagebody>
       The JMX Service URL {1} for Managed Server {0} was malformed.
    </messagebody>
    <messagedetail>
       An unexpected exception occurred when contacting the Managed Server {0} with the JMX Service URL {1}. The URL used to contact the Managed Server was malformed.
    </messagedetail>
    <cause>
      The URL used to contact a Managed Server was malformed. 
    </cause>
    <action>
      See the exception included with this message to determine the proper action.
    </action>
  </logmessage>
  
  <!--  -->
  <logmessage
      messageid="149520"      
      loggable="true"
      method="logMBeanRegistrationFailed(String objectNameString)"
      severity="error"
      >
      <messagebody>
        An attempt was made to register an MBean with ObjectName {0} ObjectName in com.bea domain.
      </messagebody>
      <messagedetail>
       The com.bea domain name is reserved for WebLogic Server MBeans with WebLogic Server instances. 
      </messagedetail>
      <cause>
        An attempt was made to register an MBean with the com.bea domain name.
      </cause>
      <action>
        Register your MBeans with another domain name.
      </action>
    </logmessage>

    <!--  -->
  <logmessage
    messageid="149521"
    severity="warning"
    method="logExceptionDuringJMXConnectivity(Throwable t)"
    stacktrace="true"
    >
    <messagebody>
        An exception occurred during the processing of JMX Connectivity with the Administration Server: {0}
    </messagebody>
    <messagedetail>
        During the connect or disconnect of a Managed Server, an exception {0} occurred in the Administration Server during JMX processing of the connect or disconnect event.
    </messagedetail>
    <cause>
       Refer to the embedded exception information for more details as to the probable cause of this error.
    </cause>
    <action>
        Refer to the embedded exception information for more details and troubleshoot based on that information.
    </action>
  </logmessage>

  <!--  -->
  <logmessage
    messageid="149522"
    severity="error"
    method="getMissingCredentialsError()"
    methodtype="getter"
    >
    <messagebody>
        No credentials were provided.
    </messagebody>
    <messagedetail>
        A JMX connection was attempted but no credentials were provided.
    </messagedetail>
    <cause>
       Credentials are required when connecting through Remote MAnagement Interface (RMI).
    </cause>
    <action>
        Retry the connection, supplying a username and password.
    </action>
  </logmessage>

  <!--  -->
  <logmessage
    messageid="149523"
    severity="error"
    method="getMissingRmiServerManagerError()"
    methodtype="getter"
    >
    <messagebody>
      RmiServerManager not found.
    </messagebody>
    <messagedetail>
      The Remote Management Interface (RMI) server port number was requested, but the RmiServerManager is missing from the internal session.
    </messagedetail>
    <cause>
      This problem is the result of an internal error in the WebLogic Server JMX implementation.
    </cause>
    <action>
      Report this message to My Oracle Support.
    </action>
  </logmessage>

   <!--  -->
  <logmessage
    messageid="149524"
    severity="notice"
    method="logStartedDwpJmxConnectorServer(String serviceURL)"
    >
    <messagebody>
         JMX Connector Server started at "{0}".
    </messagebody>
    <messagedetail>
         The management subsystem has made JMX Connectivity available at the URI {0}.
    </messagedetail>
    <cause>
      This is a normal operation.
    </cause>
    <action>
      No action is required.
    </action>
  </logmessage>

  <!--  -->
  <logmessage
    messageid="149525"
    severity="notice"
    method="logStoppedDwpJmxConnectorServer(String serviceURL)"
    >
    <messagebody>
         JMX Connector Server stopped at "{0}".
    </messagebody>
    <messagedetail>
         The management subsystem has discontinued JMX Connectivity at the URI {0}.
    </messagedetail>
    <cause>
      This is a normal operation.
    </cause>
    <action>
      No action is required.
    </action>
  </logmessage>

    <!--  -->
    <logmessage
            messageid="149535"
            severity="warning"
            method="logJMXResiliencyWarning(String server,String info)"
            stacktrace="true"
            >
        <messagebody>
             JMX Resiliency Activity Server={0} : {1}
        </messagebody>
        <messagedetail>
            During the connect or disconnect event from an admin server, this message logs the jmx activity
        </messagedetail>
        <cause>
            Refer to the embedded info fore more details.
        </cause>
        <action>
            Refer to the embedded info for more details.
        </action>
    </logmessage>

</message_catalog>
