<?xml version="1.0" encoding="UTF-8" standalone="yes"?>
<component-def name="oracle.css.mod" version="12.1.3.0.0" description="Oracle CSS Modules" gdr-version="1.1.0.0" xmlns:ns2="http://xmlns.oracle.com/cie/stringsubs" xmlns="http://xmlns.oracle.com/cie/gdr/cpd">
  <file-map symbol="entsec.symbol" source="filegroup1.jar" expanded="true" compacted="true" patch="22559225">
    <exclude regex="\.ade_path" match-dirs="true"/>
    <directory dest="">
      <directory dest="modules" mode="750">
        <file size="817832" dest="com.oracle.css.common.security.impl_7.1.0.0.jar" mode="640" action="injection"/>
        <file size="523225" dest="com.oracle.css.weblogic.security.wls_7.1.0.0.jar" mode="640" action="injection"/>
        <file size="784306" dest="com.oracle.css.opensaml2_7.1.0.0.jar" mode="640" action="injection"/>
      </directory>
      <file-perms>
        <permission mode="640" regex=".*"/>
      </file-perms>
    </directory>
    <file-perms>
      <permission mode="750" regex=".*" match-dirs="true"/>
    </file-perms>
  </file-map>
  <libraries/>
</component-def>
