<?xml version="1.0" encoding="UTF-8" standalone="no"?>
<oneoff_inventory>
    <opack_version version="14.1.0.1.7"/>
    <patch_description>WLS PATCH SET UPDATE 12.2.1.3.180116</patch_description>
    <patch_id number="27438258"/>
    <minimum_opatch_version>13.9.2.0.0</minimum_opatch_version>
    <unique_patch_id>21899283</unique_patch_id>
    <cannot_autorollback>false</cannot_autorollback>
    <date_of_patch day="24" month="Jan" time="15:24:53 hrs" year="2018" zone="PST8PDT"/>
    <base_bugs>
        <bug description="WLS PATCH SET UPDATE 12.1.3.0.171017 THROWING STRINGINDEXOUTOFBOUNDSEXCEPTION" number="26985581"/>
        <bug description="Fix for Bug 26248394" number="26248394"/>
        <bug description="12C SMC SHARED LIBRARY DEPLOYMENT FAILS WITH PREPARED STATE" number="26936500"/>
        <bug description="Fix for Bug 26144830" number="26144830"/>
        <bug description="WLS REWRITES HOST HEADER WHEN CLUSTER FRONTEND ADDRESS IS SET" number="26828499"/>
        <bug description="TRACKING BUG TO CONSUME JRF WEBSERVICES FIXES FOR 25990003 INTO WLS PSUS" number="27111664"/>
        <bug description="IMPROVE DOMAINRUNTIME.GETSERVERRUNTIME() PERFORMANCE" number="26589850"/>
        <bug description="Fix for Bug 26547016" number="26547016"/>
        <bug description="UPG-20170919 GSI EBNN-TEST WC_SPACES FAILS TO COME UP CANNOT INSERT WC_PORTAL_PR" number="26835012"/>
        <bug description="CERTGEN FAILS WITH JDK8 CPU (180161, B04, B05, B06)" number="27117282"/>
        <bug description="COMMONDOMAIN WC_COLLABORATION=RUNNING,HEALTH_NULL" number="25750303"/>
        <bug description="TRACKING BUG FOR DIAGNOSTIC PATCH OF IDCS INTEGRATION 12.3.1 CHANGES" number="27055227"/>
        <bug description="Fix for Bug 23103220" number="23103220"/>
    </base_bugs>
    <required_components>
        <component internal_name="oracle.wls.libraries" opt_req="O" version="12.2.1.3.0"/>
        <component internal_name="oracle.webservices.base" opt_req="O" version="12.2.1.3.0"/>
        <component internal_name="oracle.webservices.orawsdl" opt_req="O" version="12.2.1.3.0"/>
        <component internal_name="oracle.wls.security.core.sharedlib" opt_req="O" version="12.2.1.3.0"/>
        <component internal_name="oracle.webservices.wls" opt_req="O" version="12.2.1.3.0"/>
        <component internal_name="oracle.commons.fileupload.commons.fileupload" opt_req="O" version="1.3.2.0.0"/>
        <component internal_name="oracle.wls.core.app.server" opt_req="O" version="12.2.1.3.0"/>
    </required_components>
    <os_platforms>
        <platform id="0" name="Generic Platform 1"/>
    </os_platforms>
    <executables/>
    <instance_shutdown>true</instance_shutdown>
    <instance_shutdown_message/>
    <online_rac_installable>false</online_rac_installable>
    <run_as_root>false</run_as_root>
    <sql_migrate>false</sql_migrate>
    <wls_prereq_oneoffs/>
    <prereq_oneoffs/>
    <overlay_oneoffs/>
    <patch_type sub_type="update" value="singleton"/>
    <patch_language value="en"/>
    <product_family value="fmw"/>
    <patching_model value="one-off"/>
    <auto>false</auto>
    <translatable>false</translatable>
</oneoff_inventory>
