<?xml version="1.0" encoding="UTF-8" standalone="yes"?>
<component-def name="oracle.fmwconfig.common.wls.shared" version="12.1.3.0.0" description="Oracle Fusion Middleware Common WLS Shared Config" gdr-version="1.1.0.0" xmlns:ns2="http://xmlns.oracle.com/cie/stringsubs" xmlns="http://xmlns.oracle.com/cie/gdr/cpd">
  <file-map symbol="fmwconfig.common.symbol" source="filegroup1.jar" expanded="true" compacted="true" patch="22559225">
    <directory dest="modules" mode="750">
      <file size="302476" dest="com.oracle.cie.config-wls_8.1.0.0.jar" mode="640" action="injection"/>
    </directory>
    <file-perms>
      <permission mode="750" regex=".*" match-dirs="true"/>
    </file-perms>
  </file-map>
  <libraries/>
  <stringsubs>
    <ns2:group id="JavaHome">
      <ns2:file-entry name="$fmwconfig.common.symbol.path$/common/bin/commEnv.cmd"/>
      <ns2:file-entry name="$fmwconfig.common.symbol.path$/common/bin/commEnv.sh"/>
      <ns2:file-entry name="$fmwconfig.common.symbol.path$/common/bin/setHomeDirs.cmd"/>
      <ns2:file-entry name="$fmwconfig.common.symbol.path$/common/bin/setHomeDirs.sh"/>
      <ns2:change-pair-ref name="JAVA_HOME"/>
      <ns2:change-pair-ref name="JAVA_VENDOR"/>
      <ns2:change-pair-ref name="JAVA_USE_64BIT"/>
    </ns2:group>
    <ns2:change-pair id="JAVA_HOME" before="@JAVA_HOME@" after="$JAVA_HOME$"/>
    <ns2:change-pair id="JAVA_VENDOR" before="@JAVA_VENDOR@" after="$JAVA_VENDOR$"/>
    <ns2:change-pair id="JAVA_USE_64BIT" before="@JAVA_USE_64BIT@" after="$JAVA_64$"/>
  </stringsubs>
</component-def>
