<oneoff_actions>
    <oracle.javavm.jrf version="12.1.0.2.0" opt_req="R" symbol="rdbms.jrf.common.symbol">
        <copy name="ojdbc6.jar" path="%ORACLE_HOME%/%SYMBOL%/modules/oracle.jdbc_12.1.0" file_name="modules/oracle.jdbc_12.1.0/ojdbc6.jar"/>
        <copy name="ojdbc6dms.jar" path="%ORACLE_HOME%/%SYMBOL%/modules/oracle.jdbc_12.1.0" file_name="modules/oracle.jdbc_12.1.0/ojdbc6dms.jar"/>
        <copy name="ojdbc6_g.jar" path="%ORACLE_HOME%/%SYMBOL%/modules/oracle.jdbc_12.1.0" file_name="modules/oracle.jdbc_12.1.0/ojdbc6_g.jar"/>
        <copy name="ojdbc7.jar" path="%ORACLE_HOME%/%SYMBOL%/modules/oracle.jdbc_12.1.0" file_name="modules/oracle.jdbc_12.1.0/ojdbc7.jar"/>
        <copy name="ojdbc7dms.jar" path="%ORACLE_HOME%/%SYMBOL%/modules/oracle.jdbc_12.1.0" file_name="modules/oracle.jdbc_12.1.0/ojdbc7dms.jar"/>
        <copy name="ojdbc7_g.jar" path="%ORACLE_HOME%/%SYMBOL%/modules/oracle.jdbc_12.1.0" file_name="modules/oracle.jdbc_12.1.0/ojdbc7_g.jar"/>
    </oracle.javavm.jrf>
</oneoff_actions>