<oneoff_inventory>
    <opack_version version="13.2.0.0.1"/>
    <patch_description>JDBC 12.1.3.1 BP1</patch_description>
    <patch_id number="20741228"/>
    <unique_patch_id>18985724</unique_patch_id>
    <minimum_opatch_version>13.2.0.0.0</minimum_opatch_version>
    <temp_unique_patch_id>-1433249861</temp_unique_patch_id>
    <cannot_autorollback>false</cannot_autorollback>
    <date_of_patch year="2015" month="Jun" day="2" time="05:57:41 hrs" zone="PST8PDT"/>
    <base_bugs>
        <bug number="20741228" description="12.1.3 WLS UPGRADE TO 12.1.0.2 JDBC RELEASE"/>
    </base_bugs>
    <required_components>
        <component internal_name="oracle.javavm.jrf" version="12.1.0.2.0" opt_req="R"/>
    </required_components>
    <os_platforms>
        <platform name="Generic Platform 1" id="0"/>
    </os_platforms>
    <executables></executables>
    <instance_shutdown>true</instance_shutdown>
    <instance_shutdown_message></instance_shutdown_message>
    <online_rac_installable>false</online_rac_installable>
    <run_as_root>false</run_as_root>
    <sql_migrate>false</sql_migrate>
    <wls_prereq_oneoffs></wls_prereq_oneoffs>
    <prereq_oneoffs></prereq_oneoffs>
    <coreq_oneoffs></coreq_oneoffs>
    <overlay_oneoffs></overlay_oneoffs>
    <patch_type value="singleton"/>
    <patch_language value="en"/>
    <product_family value="fmw"/>
    <patching_model value="one-off"/>
    <auto>false</auto>
    <translatable>false</translatable>
    <applicable_product/>
    <products></products>
    <update_components></update_components>
</oneoff_inventory>
