<?xml version="1.0" encoding="UTF-8" standalone="yes"?>
<component-def xmlns="http://xmlns.oracle.com/cie/gdr/cpd" name="oracle.wls.rcu" version="12.2.1.3.0" description="Oracle WebLogic Server Rcu Schema Files" gdr-version="1.8.2.0" groupId="com.oracle.weblogic" xmlns:ns2="http://xmlns.oracle.com/cie/stringsubs">
  <file-map symbol="wls.common.symbol" source="filegroup1.jar" expanded="true" compacted="true" patch="21933966">
    <exclude regex="\.ade_path" match-dirs="true"/>
    <file source="common/sql/wlsservices/sql/cleanup.sql" dest="common/sql/wlsservices/sql/cleanup.sql" mode="640" action="replacement"/>
    <file source="common/sql/wlsservices/wlsservices.xml" dest="common/sql/wlsservices/wlsservices.xml" mode="640" action="replacement"/>
    <file-perms>
      <permission mode="750" regex=".*" match-dirs="true"/>
    </file-perms>
  </file-map>
  <libraries/>
</component-def>
